,Standard Deviation,Return,Portfolio Holdings
0,0.161004276528623,2.6865062646381834,"CSL, MQG, WOW, GMG, ALL, BXB, REA, COH, APA, AMC, QAN, WHC, SPK, SGP, AZJ, BEN, JBH, AWC, PMV, BLD, ZIM, ABP, EVT, CQR, TAH, SKC, IVC, NWH, PTM, AGG"
1,0.17971572960499624,1.2259259899925872,"ANZ, WOW, RIO, STO, QBE, NCM, REA, MIN, RHC, QAN, SOL, ORG, TWE, VCX, DXS, SGP, LYC, WOR, IPL, AZJ, ORI, BOQ, FBU, PDN, TAH, HLS, GNC, IVC, PTM, MMS"
2,0.15206101740810837,2.1872745292407174,"CSL, WBC, TLS, STO, CPU, MIN, RHC, IAG, FPH, WHC, TWE, SPK, DXS, MGR, SEK, CAR, ALD, ORI, HVN, AWC, MTS, FBU, FLT, CNU, SGR, ZIM, BWP, SGM, PPT, RRL"
3,0.1706829440221991,2.0485790895547593,"NAB, ANZ, FMG, TCL, QBE, REA, MIN, SUN, COH, APA, AMC, SOL, REH, ORG, SGP, LYC, SEK, ALD, LLC, CGF, AWC, AMP, FLT, BLD, ZIM, ABP, HLS, IRE, RRL, JHG"
4,0.15738955255678833,1.597569082560847,"WBC, WES, QBE, BXB, REA, JHX, SUN, ASX, IAG, SOL, REH, SPK, SGP, AZJ, ALD, HVN, BOQ, QUB, MTS, ANN, FBU, BKW, FLT, SGR, ZIM, SGM, GOZ, SUL, SKC, PPT"
5,0.186881641147686,1.2118940252333905,"ANZ, TCL, JHX, SUN, ASX, REH, ORG, TWE, LYC, SEK, ALD, ORI, LLC, HVN, CGF, AGL, MTS, ILU, BKW, DOW, PRU, BWP, PDN, GOZ, CQR, IFL, GNC, NWH, MMS, SWM"
6,0.18742839574218947,2.039673703219532,"ALL, QBE, MIN, QAN, OZL, YAL, CWY, ALQ, JBH, QUB, AGL, AWC, BPT, ANN, CNU, ZIM, PRU, BWP, SGM, EVT, IFL, SKC, CMW, IVC, MND, RRL, NWH, NWS, ERA, AGG"
7,0.15680422990930826,1.8013035467342347,"NAB, ANZ, FMG, TCL, WOW, RIO, QBE, NCM, SUN, COH, IAG, REH, WHC, TWE, SPK, DXS, OZL, SEK, AZJ, LLC, HVN, CGF, PMV, ILU, BPT, BKW, SUL, CMW, JHG, MYR"
8,0.2004625735403564,1.2991011946986917,"FMG, TCL, GMG, CPU, ASX, ORG, SPK, SGP, OZL, WOR, IPL, BEN, AMP, BKW, FLT, ZIM, BWP, PDN, SGM, TAH, SKC, IRE, GNC, SFR, IVC, PPT, NWH, MMS, SIG, MSB"
9,0.19272672412618955,1.2913473406053884,"WES, TCL, REA, SHL, RHC, APA, AMC, QAN, DXS, MGR, SEK, IPL, YAL, AZJ, AWC, BPT, BKW, FLT, CNU, DOW, PDN, SUL, IFL, SKC, PPT, MND, MMS, SIG, MSB, PRN"
10,0.17079679250619503,2.012215213675257,"NAB, TLS, ALL, RMD, SUN, COH, IGO, QAN, SOL, SPK, SGP, BSL, LYC, SVW, ORI, NHC, CGF, PMV, BPT, BKW, CNU, PRU, CSR, NUF, IFL, GNC, IVC, MND, RRL, PTM"
11,0.17489721450718784,2.1511072806558476,"WBC, MQG, WES, FMG, ALL, QBE, NCM, REA, CPU, AMC, QAN, REH, WHC, TWE, GPT, LYC, YAL, CGF, AGL, EVN, BWP, ABP, CQR, SUL, TAH, NUF, SFR, NWH, MMS, MSB"
12,0.180579506506276,2.0188203181104507,"NAB, FMG, TLS, STO, RMD, MIN, COH, ASX, IGO, APA, SOL, TWE, SGP, OZL, GPT, CAR, CWY, NHC, QUB, MTS, EVN, FBU, BLD, SGR, PDN, PPT, MND, KAR, JHG, MYR"
13,0.17065555996729048,1.4155186637978545,"WBC, REA, SHL, CPU, ASX, IAG, QAN, REH, ORG, MGR, LYC, YAL, CAR, ORI, CWY, LLC, NHC, ALQ, BEN, JBH, AMP, ANN, BLD, PRU, GOZ, EVT, TAH, SKC, ERA, MYR"
14,0.1791396112209295,1.5861726743774205,"NAB, TCL, WOW, GMG, ALL, NCM, BXB, QAN, WHC, TWE, DXS, BSL, LYC, WOR, IPL, CGF, QUB, EVN, AMP, DOW, SGM, GOZ, EVT, SUL, TAH, IFL, HLS, SKC, IRE, SWM"
15,0.15975395476204493,1.6353929217194216,"ANZ, FMG, TCL, GMG, QBE, CPU, RHC, COH, APA, SVW, ALQ, JBH, AGL, MTS, PMV, ANN, FBU, BKW, BLD, BWP, SGM, EVT, NUF, HLS, SKC, IRE, MND, KAR, NWS, PTM"
16,0.1789231179775649,1.575539022294289,"CSL, STO, QBE, BXB, SUN, RHC, COH, QAN, WHC, DXS, SEK, IPL, SVW, HVN, BEN, CGF, QUB, PMV, AMP, BKW, DOW, PRU, BWP, GOZ, CSR, IFL, GNC, IVC, PTM, PRN"
17,0.19056460254492413,1.193685508663906,"QBE, BXB, REA, CPU, COH, IGO, AMC, SOL, ORG, WHC, GPT, AZJ, CGF, QUB, EVN, BKW, FLT, SGR, PDN, ABP, EVT, CQR, TAH, NUF, GNC, ABC, MMS, MSB, JHG, MYR"
18,0.1517287997935306,1.8208810800823363,"CSL, WBC, TLS, GMG, RMD, COH, APA, AMC, SOL, REH, TWE, SPK, VCX, SGP, WOR, YAL, SVW, ORI, ALQ, BEN, JBH, QUB, AWC, FBU, BKW, PDN, CQR, SUL, HLS, AGG"
19,0.17002847124927198,1.6487268518070173,"WES, ALL, QBE, REA, JHX, SUN, COH, IAG, SOL, REH, ORG, MGR, LYC, SVW, ORI, ALQ, AWC, MTS, ANN, FBU, CNU, BLD, PRU, ABP, EVT, IRE, PPT, PRN, MYR, AGG"
20,0.19013545558364278,1.429962156930734,"FMG, WOW, GMG, SHL, SUN, ASX, IGO, APA, ORG, WHC, BSL, LYC, WOR, ALD, LLC, BEN, BPT, FBU, CNU, PDN, EVT, CSR, TAH, IRE, SFR, MND, PTM, SIG, PRN, JHG"
21,0.15717271016405274,2.042139577992362,"WBC, FMG, NCM, SHL, RMD, SUN, COH, FPH, REH, DXS, GPT, CWY, NHC, BEN, BOQ, PMV, BPT, ANN, FLT, CNU, ZIM, PDN, SUL, TAH, SKC, IVC, PPT, NWS, MMS, SIG"
22,0.17794276280175966,1.5942929944305275,"CSL, ANZ, MQG, TLS, JHX, RHC, IGO, QAN, TWE, DXS, GPT, MGR, BSL, WOR, SVW, CWY, QUB, MTS, AMP, ANN, FBU, ZIM, PRU, IFL, IRE, SFR, MND, RRL, ABC, MYR"
23,0.17174692503496858,1.4965043382639367,"STO, ALL, SUN, AMC, QAN, SOL, SGP, OZL, IPL, CAR, SVW, ALQ, AGL, AWC, MTS, ANN, BKW, BLD, ZIM, PRU, EVT, TAH, HLS, IRE, CMW, PPT, MND, RRL, PTM, PRN"
24,0.18086847899631828,1.8849193818776913,"NAB, GMG, STO, QBE, NCM, BXB, REA, SHL, CPU, RMD, JHX, SOL, REH, VCX, CAR, ALD, CWY, LLC, HVN, BOQ, CGF, BPT, BLD, SGR, SGM, EVT, CSR, CMW, ERA, MSB"
25,0.16936567520563564,1.7630031387241294,"WBC, MQG, WES, FMG, ASX, IGO, IAG, AMC, FPH, SPK, VCX, IPL, CAR, BEN, AGL, AWC, AMP, FBU, ZIM, PRU, SGM, CQR, SUL, IFL, HLS, SKC, MND, ABC, JHG, MYR"
26,0.15552548431590632,2.008300411755744,"NAB, ANZ, GMG, ALL, SHL, CPU, SUN, RHC, AMC, BSL, AZJ, ALD, ALQ, HVN, BOQ, JBH, QUB, MTS, AMP, CNU, SGR, BWP, SGM, GOZ, ABP, IRE, CMW, MND, KAR, NWS"
27,0.16932247088332844,2.107964399630485,"MQG, WES, TLS, TCL, RIO, GMG, STO, NCM, RMD, COH, ASX, SOL, ORG, WHC, SPK, VCX, SGP, OZL, BSL, WOR, YAL, JBH, PMV, BLD, ZIM, BWP, NUF, SKC, SWM, PRN"
28,0.1715990537210928,1.0145741847461491,"NAB, WBC, WOW, NCM, BXB, SUN, IAG, BSL, LYC, ALD, ORI, NHC, BEN, CGF, PMV, BPT, ANN, ZIM, ABP, CSR, SUL, TAH, IRE, SFR, IVC, PPT, RRL, ABC, PTM, SWM"
29,0.18313611669547603,1.4946182759399553,"TLS, REA, CPU, JHX, SUN, RHC, COH, IGO, IAG, DXS, OZL, MGR, WOR, CAR, CWY, ALQ, BOQ, PMV, ILU, ANN, FLT, BLD, PDN, GOZ, ABP, PPT, RRL, MMS, SWM, SIG"
30,0.1796831891293902,1.270340922871271,"TCL, WOW, STO, QBE, BXB, COH, FPH, ORG, DXS, GPT, MGR, BSL, SEK, WOR, CAR, AZJ, SVW, AWC, BPT, FBU, SGR, SUL, TAH, HLS, IRE, GNC, PTM, SWM, JHG, AGG"
31,0.1842555524478761,1.864703891297491,"ALL, NCM, REA, SHL, JHX, RHC, IGO, APA, SPK, LYC, SVW, CWY, NHC, ALQ, JBH, QUB, AGL, MTS, ANN, FLT, DOW, SGR, ABP, CQR, SFR, MND, RRL, NWH, PTM, SWM"
32,0.16720953479183012,1.8745388257725413,"NAB, ANZ, MQG, FMG, WOW, RIO, CPU, JHX, IAG, QAN, WHC, TWE, SPK, SGP, GPT, SEK, SVW, LLC, ALQ, BOQ, AGL, BKW, SGR, BWP, ABP, CQR, CSR, IRE, ABC, MSB"
33,0.16140332312495817,1.7023695173012312,"WBC, WES, TCL, WOW, RIO, STO, NCM, REA, RMD, SUN, IGO, AMC, SOL, WHC, SGP, SEK, YAL, CAR, HVN, BEN, BOQ, AWC, BKW, EVT, IFL, MMS, ERA, SIG, PRN, JHG"
34,0.1634856566775533,2.1599857246732914,"NAB, WBC, RIO, GMG, REA, RMD, JHX, SUN, RHC, QAN, SOL, REH, SPK, OZL, MGR, SEK, AZJ, SVW, CWY, JBH, AMP, FBU, BWP, CSR, IFL, KAR, NWS, ERA, SWM, SIG"
35,0.16927198643573893,1.827359656322666,"NAB, FMG, TLS, RIO, BXB, REA, MIN, QAN, REH, SPK, SGP, WOR, AZJ, LLC, ALQ, BEN, CGF, MTS, PMV, EVN, AMP, ILU, BKW, BLD, PDN, TAH, IRE, CMW, SFR, AGG"
36,0.1660894950060671,2.0884127189234762,"NAB, MQG, WOW, SHL, MIN, SUN, COH, APA, AMC, QAN, FPH, SOL, WOR, YAL, SVW, CWY, NHC, ALQ, AGL, MTS, BPT, ZIM, PDN, SGM, IFL, IRE, SFR, RRL, ABC, JHG"
37,0.15341457645500609,2.3512958467267695,"ANZ, MQG, RIO, BXB, REA, JHX, MIN, RHC, COH, IAG, APA, QAN, SPK, DXS, SGP, SEK, CWY, CGF, EVN, ANN, BKW, ZIM, PRU, BWP, ABP, EVT, HLS, MMS, ERA, AGG"
38,0.17275746493183491,1.5104708066510684,"NAB, ANZ, WOW, NCM, SUN, RHC, IGO, FPH, SPK, MGR, YAL, SVW, LLC, ALQ, HVN, BEN, PMV, AMP, BPT, BKW, FLT, ZIM, ABP, CSR, SKC, IRE, KAR, NWS, PRN, AGG"
39,0.21167430882878352,0.8859913797784162,"WBC, WES, QBE, CPU, JHX, IPL, ALD, NHC, JBH, AMP, FBU, BLD, DOW, PRU, PDN, SGM, GOZ, ABP, EVT, SUL, IFL, CMW, SFR, MND, RRL, NWH, SWM, SIG, PRN, MYR"
40,0.1902643775259414,1.3297716330122675,"WBC, ANZ, FMG, TCL, SUN, IAG, QAN, SOL, WHC, VCX, MGR, IPL, SVW, ALQ, BOQ, AWC, MTS, PMV, ILU, BWP, PDN, NUF, HLS, SFR, RRL, NWH, NWS, ERA, SWM, JHG"
41,0.15868825330800587,1.6186846964022865,"CSL, NAB, ANZ, MQG, WES, TLS, NCM, SUN, IAG, APA, AMC, SPK, VCX, MGR, ALD, ORI, LLC, NHC, JBH, PMV, AMP, BPT, BWP, CSR, IRE, SFR, IVC, NWH, ERA, SIG"
42,0.1902917697915177,2.1948476481603603,"CSL, ANZ, MQG, ALL, REA, SHL, SOL, ORG, SPK, VCX, SGP, GPT, WOR, IPL, SVW, CWY, ALQ, HVN, AWC, BPT, FBU, FLT, ZIM, CSR, SUL, IFL, IRE, PPT, KAR, JHG"
43,0.16413266074705862,1.3610884721530527,"WBC, TCL, RIO, NCM, RHC, ASX, AMC, FPH, TWE, SPK, VCX, DXS, SGP, OZL, IPL, CAR, ORI, NHC, AWC, DOW, SGR, GOZ, EVT, IFL, SFR, NWS, ABC, MMS, ERA, MSB"
44,0.19075816454490543,1.3977349137348627,"ANZ, NCM, REA, RHC, ASX, IAG, APA, FPH, VCX, OZL, LYC, SEK, ORI, CWY, CGF, EVN, ANN, ZIM, PDN, SGM, NUF, MND, KAR, RRL, ABC, PTM, MMS, MSB, PRN, AGG"
45,0.18953845323329496,1.3049578108669424,"WBC, WES, WOW, GMG, NCM, MIN, RHC, VCX, OZL, GPT, BSL, LYC, YAL, ORI, BOQ, QUB, AWC, MTS, DOW, SGR, CQR, SUL, NUF, SKC, PPT, MND, RRL, NWH, NWS, SWM"
46,0.18207100527876682,1.1886625055866311,"WBC, MQG, IAG, APA, SPK, OZL, LYC, WOR, YAL, SVW, ALQ, BEN, BOQ, JBH, AWC, EVN, AMP, FBU, BKW, FLT, CNU, BWP, NUF, CMW, MND, KAR, ABC, SWM, SIG, MYR"
47,0.17916674262821616,2.4266136844492348,"FMG, WOW, REA, RMD, MIN, SUN, COH, SOL, WHC, GPT, BSL, SEK, IPL, CWY, ALQ, HVN, BEN, BOQ, AGL, BPT, BLD, DOW, ZIM, BWP, CQR, CSR, CMW, RRL, MSB, MYR"
48,0.16043692873694015,2.0161701100916396,"MQG, QBE, REA, JHX, IGO, IAG, APA, FPH, SOL, TWE, LYC, IPL, NHC, HVN, BOQ, CGF, PMV, EVN, BKW, DOW, PRU, BWP, GOZ, CQR, IRE, CMW, KAR, RRL, NWS, ABC"
49,0.16397975399263465,2.218232026710372,"NAB, WBC, ALL, NCM, REA, SHL, CPU, JHX, IAG, APA, FPH, REH, WHC, TWE, WOR, IPL, ALD, SVW, NHC, BOQ, PMV, BKW, SGM, EVT, TAH, SKC, IVC, KAR, SIG, PRN"
50,0.17310969457549455,2.0167775594536845,"TLS, RIO, BXB, SHL, RMD, MIN, QAN, WHC, OZL, SEK, WOR, YAL, SVW, CWY, ALQ, QUB, AGL, CNU, BLD, BWP, EVT, CSR, SUL, HLS, CMW, GNC, IVC, PPT, PRN, JHG"
51,0.15870928255092245,1.8461792193390503,"NAB, MQG, TCL, GMG, NCM, JHX, MIN, IAG, APA, AMC, REH, YAL, AZJ, ORI, CWY, CGF, MTS, FLT, BWP, CSR, SKC, IRE, CMW, GNC, IVC, KAR, NWS, PRN, JHG, AGG"
52,0.1727930127192395,1.4757426783559007,"GMG, STO, QBE, QAN, REH, SPK, OZL, BSL, CWY, NHC, HVN, BEN, AGL, AWC, PMV, ILU, FBU, BKW, FLT, DOW, SGR, EVT, IFL, SKC, IRE, GNC, MND, PTM, SIG, AGG"
53,0.18074947006407932,1.6856828672677726,"CSL, WBC, ANZ, FMG, TCL, NCM, BXB, RHC, COH, IGO, VCX, SGP, MGR, BSL, YAL, SVW, NHC, BEN, JBH, CGF, ILU, BPT, ANN, SGM, GOZ, HLS, MMS, SWM, JHG, MYR"
54,0.17896505290397172,1.3366140296906441,"WBC, FMG, SHL, COH, FPH, SOL, REH, ORG, TWE, SPK, SGP, LYC, CAR, CWY, EVN, AMP, FLT, SGR, CSR, TAH, NUF, HLS, MND, KAR, RRL, ABC, MMS, ERA, SWM, MYR"
55,0.18577863611075818,1.0865654361046593,"WOW, GMG, NCM, BXB, CPU, AMC, VCX, DXS, SGP, GPT, LYC, SEK, IPL, YAL, CAR, SVW, BEN, MTS, BKW, DOW, PRU, CSR, TAH, IRE, CMW, MND, NWH, ERA, MYR, AGG"
56,0.15040837412067246,1.606095374719665,"CSL, WBC, ANZ, WES, GMG, RMD, SUN, RHC, COH, IAG, APA, WHC, GPT, WOR, IPL, AZJ, ORI, BEN, QUB, MTS, BKW, ZIM, BWP, ABP, EVT, NWS, PTM, MMS, ERA, SWM"
57,0.18572276062446702,1.179995664872203,"TCL, WOW, RIO, REA, JHX, IGO, IAG, WHC, VCX, SGP, GPT, LYC, AZJ, SVW, AGL, AWC, BPT, FBU, BKW, CNU, PDN, GOZ, TAH, NUF, IRE, NWS, MMS, ERA, SWM, PRN"
58,0.16773334116008753,1.461730956204788,"TLS, TCL, WOW, CPU, JHX, MIN, COH, APA, TWE, DXS, OZL, ORI, BOQ, QUB, MTS, FBU, CNU, BLD, DOW, SGR, HLS, IRE, CMW, SFR, IVC, MND, PTM, MMS, MSB, JHG"
59,0.16201786636006038,2.0194274395684064,"ANZ, TLS, TCL, ALL, SHL, ASX, APA, QAN, FPH, SOL, ORG, WHC, TWE, DXS, GPT, BSL, SVW, ORI, CWY, PRU, SGM, EVT, CQR, HLS, PPT, MND, KAR, MMS, SWM, SIG"
60,0.1806634620279311,2.0186056811490283,"CSL, WBC, MQG, TLS, QBE, BXB, REA, JHX, SUN, RHC, IGO, WHC, SPK, VCX, LYC, CAR, ALD, SVW, CWY, BEN, JBH, QUB, AGL, BLD, ZIM, NUF, NWH, ABC, PTM, MYR"
61,0.18152563230351612,1.7850968962991356,"ANZ, GMG, ALL, RMD, JHX, COH, ASX, IGO, AMC, SPK, LYC, SEK, LLC, QUB, ILU, DOW, SGM, GOZ, ABP, CSR, TAH, NUF, SKC, GNC, SFR, ABC, PTM, MSB, PRN, AGG"
62,0.16426347447302586,2.446599126139871,"CSL, NAB, WBC, RIO, ALL, JHX, MIN, SUN, IGO, AMC, FPH, SOL, REH, ORG, TWE, IPL, SVW, CWY, NHC, MTS, PMV, FBU, SGR, TAH, CMW, GNC, MND, SWM, MYR, AGG"
63,0.18063468632394963,1.4370019632911313,"WBC, WES, FMG, TCL, BXB, ASX, FPH, MGR, BSL, LYC, SEK, WOR, ORI, HVN, AGL, FBU, DOW, SGM, EVT, TAH, NUF, SKC, CMW, SFR, IVC, MND, MMS, SIG, MSB, PRN"
64,0.18585307619143795,1.6354140920791331,"GMG, STO, ALL, RHC, ASX, APA, REH, ORG, WHC, VCX, GPT, WOR, CAR, CWY, HVN, AWC, ILU, FLT, DOW, SGR, SGM, GOZ, ABP, EVT, HLS, IRE, GNC, SFR, KAR, PTM"
65,0.16346705161612982,1.4295194643939375,"WES, SUN, COH, ASX, IGO, REH, SPK, MGR, BSL, SEK, IPL, AZJ, ORI, HVN, MTS, CNU, BLD, DOW, PRU, BWP, GOZ, EVT, SUL, NUF, IFL, IRE, ABC, ERA, SWM, JHG"
66,0.1629238681695681,1.694378991144759,"WOW, STO, QBE, NCM, MIN, COH, ASX, IAG, QAN, SOL, VCX, MGR, CAR, SVW, ORI, CWY, LLC, NHC, FBU, BKW, CNU, PDN, GOZ, EVT, CSR, HLS, CMW, PTM, SIG, JHG"
67,0.1921146447704695,1.5880465529182364,"RIO, GMG, STO, ALL, QBE, REA, QAN, WHC, DXS, WOR, AZJ, SVW, NHC, ALQ, BEN, AGL, PMV, AMP, ILU, PRU, PDN, ABP, EVT, CQR, NUF, IFL, PPT, PTM, MMS, MSB"
68,0.20046019517298974,1.490554910591019,"WBC, ANZ, TCL, QBE, CPU, JHX, SUN, FPH, TWE, DXS, SEK, WOR, YAL, CAR, AZJ, JBH, BPT, FBU, FLT, CNU, BLD, DOW, PDN, CSR, TAH, IFL, IVC, NWH, ABC, PRN"
69,0.18544210273773273,1.4091008445581914,"WOW, RIO, STO, NCM, REA, JHX, ASX, IAG, FPH, REH, WHC, VCX, SEK, SVW, AWC, AMP, ANN, FBU, PRU, PDN, ABP, CSR, IRE, GNC, SFR, PPT, KAR, RRL, PTM, MSB"
70,0.16885231047617316,1.3483129299464727,"NAB, ANZ, GMG, SUN, APA, SOL, REH, TWE, OZL, LYC, IPL, HVN, AWC, MTS, ANN, FBU, BKW, SGR, PRU, BWP, GOZ, ABP, IFL, IRE, CMW, PPT, KAR, NWH, NWS, MMS"
71,0.1749442844791887,1.9596596659274481,"NAB, ANZ, MQG, TCL, STO, NCM, REA, MIN, APA, QAN, FPH, ORG, WOR, IPL, CAR, SVW, AGL, MTS, AMP, ANN, SGR, BWP, EVT, CSR, NUF, IFL, PPT, ERA, MSB, AGG"
72,0.1787700823561515,0.8579801605394735,"CSL, WBC, ANZ, WOW, NCM, CPU, SOL, ORG, WHC, VCX, LYC, ALD, SVW, HVN, BOQ, AGL, FBU, EVT, HLS, IRE, CMW, IVC, ABC, PTM, MMS, ERA, SWM, PRN, MYR, AGG"
73,0.17195320573628786,2.429291717101326,"FMG, QBE, REA, JHX, SUN, RHC, ASX, IAG, APA, AMC, FPH, REH, TWE, SGP, BSL, LYC, SEK, ALD, PMV, EVN, CNU, DOW, ZIM, PRU, CQR, CSR, SKC, MSB, JHG, MYR"
74,0.1529760200617782,1.808395106448101,"TLS, GMG, QBE, BXB, SHL, MIN, IAG, APA, FPH, MGR, SEK, YAL, BEN, JBH, QUB, AGL, AWC, FBU, CNU, BLD, SGM, EVT, CSR, NUF, IFL, SFR, RRL, MMS, MYR, AGG"
75,0.16229588936718786,1.5833770777207006,"WBC, WES, WOW, STO, BXB, SHL, ASX, FPH, TWE, VCX, BSL, SEK, IPL, LLC, NHC, HVN, BOQ, CGF, CNU, BLD, DOW, BWP, CQR, IFL, HLS, SKC, IRE, KAR, MMS, SIG"
76,0.1973445340426828,1.8809746530593574,"WES, WOW, STO, ALL, REA, MIN, SUN, ORG, DXS, LYC, IPL, ALQ, HVN, CGF, PMV, CNU, BLD, SGR, SGM, IFL, SKC, CMW, IVC, NWH, NWS, ABC, PTM, MSB, JHG, AGG"
77,0.154685692786142,1.793044974872136,"TLS, WOW, GMG, STO, COH, ASX, APA, FPH, DXS, LYC, IPL, SVW, CWY, NHC, JBH, AWC, PMV, ANN, CNU, PRU, CSR, SUL, NUF, IRE, IVC, RRL, NWS, MMS, SIG, PRN"
78,0.16033142943286555,1.5461177491027618,"WES, GMG, ALL, BXB, SUN, IAG, AMC, MGR, WOR, LLC, HVN, BEN, JBH, QUB, AGL, AWC, MTS, AMP, CNU, SGR, ZIM, NUF, IFL, IVC, MND, KAR, ABC, SIG, MSB, AGG"
79,0.171400259983741,2.442748740325946,"NAB, WBC, WES, FMG, RIO, ALL, QBE, SHL, CPU, MIN, IGO, WHC, TWE, SPK, OZL, GPT, BSL, WOR, LLC, NHC, ALQ, AWC, MTS, PMV, AMP, DOW, ABP, IFL, RRL, NWS"
80,0.16095582235243877,1.6849958892437735,"WBC, ANZ, MQG, FMG, WOW, GMG, REA, SHL, JHX, ASX, REH, ALD, ORI, NHC, PMV, ILU, BKW, FLT, BLD, ABP, EVT, NUF, GNC, RRL, NWS, ABC, PTM, SWM, SIG, AGG"
81,0.18280469307715302,1.320982298297276,"NAB, WES, REA, RMD, RHC, IAG, SOL, REH, SGP, GPT, MGR, SEK, CAR, SVW, ORI, LLC, NHC, QUB, AMP, BPT, PRU, GOZ, TAH, GNC, PPT, MND, KAR, SWM, MSB, AGG"
82,0.1946413138928402,1.232254337362329,"MQG, RIO, GMG, QBE, CPU, SUN, IAG, QAN, REH, ORG, WHC, DXS, MGR, LYC, WOR, SVW, ORI, NHC, ALQ, CGF, ILU, FBU, BKW, FLT, TAH, IFL, PPT, MND, RRL, MYR"
83,0.18335665556581693,2.3085713102181105,"WBC, MQG, WES, TCL, RIO, ALL, BXB, SHL, JHX, IGO, FPH, SGP, OZL, WOR, AZJ, SVW, ALQ, JBH, PMV, ILU, ANN, BKW, CNU, SGR, KAR, ABC, MMS, ERA, MSB, MYR"
84,0.17750467565441716,1.2570986277862732,"WBC, TCL, WOW, STO, NCM, JHX, IGO, IAG, AMC, SOL, VCX, DXS, BSL, LYC, CWY, NHC, BEN, QUB, MTS, FBU, SGR, BWP, PDN, SGM, CQR, NUF, HLS, IRE, CMW, NWH"
85,0.16578192544188136,1.8900361198279003,"CSL, NAB, WBC, MQG, TLS, BXB, SUN, ASX, IGO, FPH, ORG, SPK, VCX, GPT, LYC, SEK, WOR, NHC, HVN, BOQ, JBH, MTS, ANN, BKW, HLS, IRE, CMW, PPT, PRN, MYR"
86,0.1736560068110311,1.551833552907767,"CSL, NAB, MQG, FMG, RIO, QBE, NCM, AMC, REH, ORG, TWE, SPK, OZL, LYC, CAR, LLC, BEN, QUB, BKW, GOZ, EVT, SUL, KAR, RRL, ABC, PTM, ERA, SWM, SIG, MYR"
87,0.18075717323783994,2.1432733161724444,"CSL, WBC, WES, TCL, ALL, QBE, NCM, BXB, REA, RMD, JHX, COH, REH, ORG, WHC, TWE, LYC, ALQ, CGF, AWC, PMV, BLD, PDN, GOZ, IFL, CMW, SFR, MND, ERA, PRN"
88,0.16448399879736508,1.0624741770662096,"WBC, TCL, WOW, RIO, QBE, IAG, AMC, REH, WHC, LYC, WOR, YAL, CAR, ALD, NHC, HVN, AGL, ILU, BPT, ANN, CNU, SGR, PRU, EVT, CSR, IFL, IVC, ABC, PTM, MYR"
89,0.1588843796005953,1.5390272628554778,"CSL, TCL, QBE, MIN, COH, QAN, SPK, MGR, CAR, ALD, LLC, BOQ, CGF, AGL, AMP, ANN, FBU, CNU, PRU, ABP, CQR, CSR, SUL, HLS, SFR, PPT, RRL, SIG, MYR, AGG"
90,0.1950882726510895,1.9710442768594647,"MQG, FMG, STO, NCM, JHX, MIN, IGO, FPH, SOL, VCX, OZL, CAR, CWY, QUB, AGL, ILU, BPT, FBU, BLD, DOW, PDN, CQR, TAH, IFL, CMW, IVC, ABC, MMS, MYR, AGG"
91,0.17369041666189644,0.9838627098878034,"NAB, TCL, RIO, NCM, SHL, CPU, AMC, SGP, BSL, SEK, YAL, AZJ, SVW, AWC, MTS, AMP, BPT, CNU, BLD, SGM, EVT, TAH, NUF, KAR, RRL, NWS, ABC, ERA, PRN, AGG"
92,0.16451487151804628,1.585323908773169,"NAB, FMG, WOW, NCM, SHL, CPU, COH, IAG, APA, WHC, SPK, BSL, CAR, SVW, LLC, AGL, MTS, AMP, ILU, ANN, ZIM, BWP, CSR, SFR, MND, PTM, SWM, SIG, PRN, JHG"
93,0.18033731967836128,2.018406961197095,"CSL, MQG, RIO, GMG, MIN, COH, IAG, APA, AMC, QAN, WHC, SPK, VCX, DXS, MGR, AZJ, SVW, CWY, CGF, BKW, FLT, BLD, SGR, PRU, PDN, CQR, CMW, SFR, ERA, MSB"
94,0.2007613139119651,1.2725829278058787,"CSL, WBC, RMD, SUN, RHC, FPH, WOR, YAL, ORI, LLC, AWC, MTS, PMV, EVN, ILU, PRU, PDN, EVT, CSR, IRE, GNC, SFR, IVC, KAR, NWH, ABC, PTM, ERA, MSB, PRN"
95,0.15672229067280458,1.8984289070644431,"MQG, WES, TLS, RIO, STO, REA, MIN, ASX, IGO, REH, WHC, TWE, SPK, OZL, YAL, AZJ, ORI, HVN, AMP, SGR, SGM, CQR, TAH, SKC, CMW, GNC, RRL, NWS, PTM, JHG"
96,0.1622377669520037,1.694990750638778,"WBC, WES, TCL, RIO, GMG, APA, QAN, FPH, SOL, TWE, DXS, OZL, GPT, LYC, IPL, YAL, AZJ, BEN, JBH, FBU, ZIM, PRU, CQR, TAH, HLS, NWH, PTM, SIG, MSB, AGG"
97,0.1756371732116825,1.6280210248907316,"CSL, MQG, TCL, GMG, QBE, REA, CPU, IAG, APA, QAN, SOL, REH, SVW, LLC, AGL, MTS, ILU, BKW, FLT, PRU, NUF, SKC, PPT, MND, KAR, NWH, NWS, PTM, MMS, ERA"
98,0.21054157847578284,1.951037242153285,"NAB, MQG, STO, ALL, QBE, BXB, CPU, JHX, COH, QAN, SGP, MGR, SEK, IPL, CAR, ALQ, BOQ, CGF, QUB, PMV, BPT, ZIM, TAH, SFR, MND, KAR, NWH, PTM, MMS, MSB"
99,0.1647029072328323,1.5732706847646454,"TCL, STO, SHL, CPU, JHX, RHC, COH, QAN, FPH, OZL, SEK, IPL, AZJ, CWY, NHC, FLT, PRU, BWP, CSR, SUL, NUF, IFL, IRE, GNC, RRL, PTM, MMS, SIG, MYR, AGG"
100,0.19536682871997466,1.5809857367685871,"GMG, QBE, SHL, RMD, MIN, SUN, IGO, IAG, LLC, JBH, CGF, AWC, AMP, ILU, FBU, FLT, SGR, PDN, SGM, GOZ, ABP, CQR, HLS, SFR, MND, RRL, NWS, SWM, MSB, JHG"
101,0.16656910692931884,1.737880827595839,"CSL, WES, WOW, ALL, BXB, SHL, RMD, IGO, IAG, VCX, BSL, AZJ, CWY, AGL, ANN, FLT, CNU, DOW, EVT, TAH, NUF, HLS, SKC, GNC, PPT, KAR, MMS, PRN, MYR, AGG"
102,0.1866052713213715,1.073543501701376,"NAB, WOW, RIO, QBE, RHC, REH, WHC, SGP, OZL, LYC, YAL, ALQ, BEN, AGL, AMP, ILU, FLT, CNU, BLD, DOW, SGR, ZIM, CSR, SUL, HLS, MND, NWH, ABC, MMS, SIG"
103,0.1911430660991839,1.4420405977206818,"WBC, ANZ, WOW, GMG, ALL, RHC, AMC, VCX, WOR, IPL, YAL, SVW, HVN, CGF, MTS, EVN, FBU, FLT, BLD, ZIM, PRU, BWP, EVT, CSR, NUF, MND, NWS, SWM, MSB, MYR"
104,0.16952901112725846,1.839181515275786,"NAB, WBC, FMG, TCL, ALL, RMD, RHC, COH, ASX, QAN, VCX, GPT, IPL, YAL, AZJ, JBH, PMV, ILU, FBU, FLT, SGR, NUF, HLS, GNC, RRL, ABC, MMS, ERA, MSB, AGG"
105,0.1594575453238194,1.5953137629418204,"NAB, WBC, MQG, WOW, GMG, STO, SHL, ASX, IAG, FPH, IPL, ALD, BOQ, JBH, QUB, AGL, MTS, EVN, AMP, BPT, ANN, FLT, BLD, EVT, CSR, TAH, IVC, MND, RRL, JHG"
106,0.17615738172993015,1.7735948622771676,"CSL, MQG, QBE, BXB, REA, SUN, RHC, ASX, APA, SOL, REH, SGP, OZL, BSL, LYC, CGF, MTS, ANN, FBU, BKW, BWP, CQR, SUL, HLS, RRL, NWH, NWS, PTM, ERA, MSB"
107,0.2022670775073983,1.8205754857640692,"ANZ, TLS, TCL, WOW, RIO, SHL, JHX, MIN, APA, ORG, BSL, WOR, CAR, SVW, HVN, JBH, AWC, BLD, DOW, PDN, EVT, CSR, HLS, PPT, MND, NWH, NWS, ABC, SWM, AGG"
108,0.16731778909856404,1.9522378853327926,"ANZ, WES, FMG, WOW, ALL, BXB, CPU, SUN, QAN, FPH, BSL, YAL, CAR, CWY, NHC, AGL, ILU, BPT, FBU, ZIM, PDN, CQR, SUL, TAH, SKC, RRL, ABC, PTM, ERA, AGG"
109,0.17284729562414095,2.7359752177108,"CSL, ALL, NCM, RMD, MIN, IGO, APA, QAN, REH, DXS, SGP, OZL, MGR, IPL, SVW, CWY, BOQ, JBH, PMV, BPT, BKW, FLT, ZIM, PRU, SGM, MND, PTM, ERA, SIG, AGG"
110,0.17987435640477833,2.4667860297318205,"ANZ, ALL, REA, SHL, CPU, JHX, COH, ASX, QAN, FPH, REH, MGR, LYC, WOR, ORI, CWY, LLC, HVN, JBH, CGF, BPT, BKW, FLT, DOW, SGM, GOZ, ABP, GNC, KAR, RRL"
111,0.16466836134950016,1.2038570790670744,"QBE, COH, ASX, IAG, FPH, TWE, SPK, MGR, YAL, CAR, ALD, ORI, BEN, AMP, BLD, ZIM, PRU, BWP, GOZ, SUL, IFL, HLS, GNC, ABC, MMS, SIG, MSB, PRN, JHG, AGG"
112,0.17644943684540518,1.2935052341851865,"ANZ, WOW, GMG, RMD, SUN, ASX, SOL, ORG, SPK, VCX, SGP, GPT, WOR, IPL, YAL, ALD, LLC, NHC, HVN, BEN, BOQ, CGF, ILU, PDN, CQR, CSR, SUL, RRL, NWS, MSB"
113,0.16350307228123953,1.8314580535589995,"ANZ, WES, WOW, GMG, STO, REA, SHL, JHX, IAG, APA, FPH, ORG, TWE, BSL, LYC, YAL, AZJ, BOQ, JBH, CGF, AMP, ZIM, SGM, ABP, SKC, IRE, IVC, RRL, ERA, SWM"
114,0.20210849445563567,1.073145663086886,"TCL, GMG, NCM, REH, ORG, SPK, SGP, MGR, BSL, AZJ, CWY, NHC, BOQ, FLT, SGR, PRU, ABP, CQR, CSR, IRE, CMW, MND, NWH, NWS, ABC, SWM, SIG, MSB, PRN, MYR"
115,0.15639777387108378,2.137779690256045,"CSL, ANZ, FMG, TCL, NCM, REA, RHC, APA, FPH, SOL, REH, ORG, WHC, VCX, LYC, SEK, HVN, BOQ, QUB, EVN, BKW, PRU, BWP, GOZ, CSR, SUL, HLS, NWS, ERA, SIG"
116,0.191802046729742,1.6230306929014318,"STO, BXB, RMD, JHX, SUN, AMC, QAN, TWE, VCX, DXS, GPT, BSL, YAL, SVW, LLC, JBH, CGF, BPT, BKW, BLD, SGR, BWP, EVT, NUF, IFL, HLS, KAR, NWH, NWS, ERA"
117,0.17886874776319667,2.04174911162082,"MQG, FMG, NCM, REA, QAN, FPH, SOL, TWE, BSL, LYC, YAL, CAR, SVW, LLC, CGF, QUB, AWC, MTS, AMP, FBU, FLT, SGR, GOZ, EVT, CQR, TAH, IVC, MMS, PRN, JHG"
118,0.14648485180560394,2.1621846283479993,"CSL, FMG, TCL, RIO, GMG, REA, COH, ASX, IAG, APA, AMC, QAN, REH, SPK, LYC, SEK, NHC, BOQ, QUB, MTS, EVN, AMP, ZIM, GOZ, ABP, CSR, TAH, RRL, PTM, MMS"
119,0.17150299508028205,1.348295949448099,"NAB, MQG, TLS, GMG, QBE, RMD, RHC, IAG, VCX, ORI, CWY, ALQ, BOQ, CGF, SGR, PDN, GOZ, ABP, EVT, SUL, NUF, IRE, PPT, MND, KAR, RRL, ABC, ERA, SIG, JHG"
120,0.18485388765797697,1.9561603726744834,"MQG, WES, FMG, WOW, RIO, GMG, QBE, RMD, JHX, COH, SPK, SEK, WOR, ALD, SVW, ORI, CWY, BKW, FLT, CNU, DOW, PDN, GOZ, SUL, IRE, PPT, MND, RRL, MSB, AGG"
121,0.17661172660763216,1.3817868503920416,"NAB, WBC, ANZ, STO, QBE, BXB, REA, RMD, RHC, REH, ORG, BSL, IPL, SVW, ORI, NHC, HVN, BEN, ILU, SGR, BWP, SGM, TAH, SKC, IVC, PPT, MND, RRL, PTM, SWM"
122,0.16959587046272181,1.6798350845397678,"TLS, JHX, COH, ASX, IGO, IAG, AMC, SOL, BSL, CAR, SVW, HVN, BOQ, CGF, MTS, PMV, EVN, ILU, DOW, ZIM, EVT, CSR, SUL, IFL, CMW, SFR, IVC, MND, RRL, ABC"
123,0.17470157207629808,1.4616355585362273,"CSL, WBC, ANZ, FMG, BXB, CPU, SOL, ORG, SGP, OZL, GPT, LYC, WOR, YAL, ALD, SVW, HVN, CGF, MTS, ZIM, SGM, EVT, CQR, NUF, IFL, IRE, IVC, KAR, ABC, PTM"
124,0.17947803785511762,1.8029407636682597,"ANZ, WES, FMG, TLS, NCM, SHL, MIN, SUN, RHC, COH, FPH, ORG, TWE, OZL, CAR, ORI, LLC, HVN, AMP, FLT, GOZ, CQR, CSR, NUF, SFR, PPT, KAR, SWM, MSB, MYR"
125,0.17991659722973316,1.9348754160772161,"CSL, MQG, TCL, STO, BXB, REA, RMD, QAN, FPH, ORG, MGR, WOR, AZJ, NHC, BOQ, MTS, ANN, FLT, PRU, PDN, CSR, HLS, SKC, IRE, IVC, NWH, NWS, MMS, MYR, AGG"
126,0.1571727646091868,1.3410045808724371,"WBC, ANZ, WOW, RMD, SUN, RHC, COH, ASX, IAG, AMC, QAN, REH, WHC, LYC, IPL, BEN, MTS, AMP, BPT, FBU, FLT, CNU, DOW, ABP, TAH, HLS, SKC, RRL, ERA, JHG"
127,0.1933503588003216,1.4063335981815692,"ANZ, WOW, GMG, STO, QBE, BXB, MIN, ASX, ORG, SPK, GPT, BSL, YAL, AZJ, PMV, BKW, FLT, BLD, ZIM, PRU, SGM, CSR, IFL, SKC, CMW, PPT, RRL, ERA, MSB, MYR"
128,0.1617534895661428,1.86848152836712,"MQG, WES, ALL, QBE, NCM, CPU, IAG, FPH, REH, BSL, WOR, YAL, ALD, BEN, QUB, EVN, AMP, ANN, BKW, SGR, SGM, GOZ, CSR, SUL, SKC, GNC, NWS, PTM, ERA, SIG"
129,0.14918303827079996,1.9248190730908963,"ANZ, TCL, GMG, QBE, REA, SHL, COH, SOL, WHC, GPT, BSL, SEK, CAR, AZJ, ALD, SVW, ORI, HVN, BEN, CGF, AGL, MTS, CNU, ZIM, CSR, NUF, HLS, SKC, IVC, PTM"
130,0.16736534222523713,2.1589538600153806,"CSL, NAB, FMG, TLS, QBE, NCM, REA, SHL, MIN, ASX, AMC, SPK, VCX, BSL, AZJ, ALD, CGF, QUB, AWC, EVN, ILU, ANN, BKW, BLD, DOW, PDN, GOZ, EVT, MND, MMS"
131,0.17763610752283,2.055700049792901,"ANZ, MQG, FMG, WOW, GMG, ALL, REA, JHX, IAG, QAN, VCX, SEK, CAR, ORI, JBH, AGL, MTS, FBU, FLT, DOW, SGR, ABP, TAH, IRE, SFR, NWS, ABC, ERA, MSB, AGG"
132,0.17115631812090215,1.7091767742202024,"CSL, MQG, TCL, STO, QBE, CPU, ASX, QAN, WHC, SPK, DXS, MGR, YAL, CAR, HVN, BEN, FBU, BLD, SGR, ZIM, SGM, GOZ, CQR, TAH, IRE, CMW, NWH, NWS, PTM, AGG"
133,0.1802937020390842,1.4733732113172717,"NAB, WES, TLS, GMG, ASX, IAG, WHC, SPK, VCX, OZL, MGR, BSL, SEK, CAR, AZJ, ORI, BEN, PMV, EVT, CSR, SUL, TAH, NUF, IFL, GNC, IVC, NWH, ERA, SIG, MYR"
134,0.14909722143457033,2.3606098221878966,"WBC, TLS, WOW, RIO, GMG, ALL, BXB, CPU, MIN, SUN, FPH, SOL, SPK, SGP, MGR, BSL, CAR, AZJ, NHC, BEN, CGF, QUB, MTS, AMP, ILU, GOZ, EVT, NWS, MMS, ERA"
135,0.1918735190044167,1.7276469310711895,"CSL, MQG, STO, ALL, REA, ASX, SOL, SGP, GPT, LYC, WOR, ALD, SVW, NHC, BOQ, CGF, AGL, BPT, ANN, BKW, SGR, PRU, SUL, IFL, CMW, MND, NWH, PTM, ERA, SIG"
136,0.14942656071534294,1.8580685332756488,"CSL, TLS, TCL, WOW, RIO, GMG, BXB, MIN, SUN, RHC, IAG, TWE, GPT, SEK, IPL, JBH, MTS, PMV, BKW, CNU, SGR, PDN, CSR, NUF, SFR, MND, RRL, NWS, MYR, AGG"
137,0.1813341828571059,1.8606945088179545,"STO, ALL, JHX, RHC, ASX, IAG, FPH, ORG, VCX, SEK, AZJ, ORI, JBH, CGF, AWC, ANN, FBU, CNU, BLD, ZIM, SGM, ABP, IFL, HLS, KAR, ABC, PTM, MSB, JHG, AGG"
138,0.16440224241694665,1.749012125563962,"CSL, RIO, STO, ALL, NCM, CPU, IAG, APA, AMC, REH, TWE, GPT, MGR, SEK, LLC, NHC, BOQ, AWC, PMV, CNU, BLD, BWP, SGM, ABP, TAH, IFL, MND, RRL, PTM, MYR"
139,0.1723996249582504,2.3295770148966004,"NAB, WBC, WES, FMG, WOW, QBE, REA, CPU, MIN, RHC, FPH, REH, WHC, OZL, BSL, SEK, WOR, IPL, YAL, HVN, CGF, AGL, AMP, ABP, SUL, SKC, IRE, PTM, ERA, PRN"
140,0.17584042412027995,2.00729212697199,"ANZ, TCL, GMG, QBE, RMD, IGO, IAG, APA, QAN, FPH, REH, LYC, ALD, NHC, HVN, AWC, MTS, PMV, BPT, FLT, SGR, BWP, SGM, SUL, TAH, IFL, GNC, NWH, NWS, JHG"
141,0.20210908156127,1.0925521463689298,"QBE, BXB, REA, SOL, ORG, VCX, SEK, WOR, CWY, NHC, ALQ, BOQ, JBH, MTS, EVN, AMP, ILU, BPT, SGR, IFL, HLS, SKC, PPT, KAR, NWH, NWS, MMS, SIG, MSB, JHG"
142,0.20827076737073447,1.7019455531441814,"MQG, WOW, STO, REA, IAG, QAN, SOL, SPK, DXS, MGR, BSL, SEK, IPL, ALD, SVW, CWY, NHC, HVN, BOQ, EVN, BKW, PDN, SGM, IFL, CMW, PPT, KAR, NWH, MSB, MYR"
143,0.1688351037192185,1.935963889518657,"MQG, RIO, GMG, RMD, MIN, ASX, WHC, GPT, LYC, ALQ, JBH, AWC, MTS, AMP, ILU, BKW, DOW, PRU, BWP, ABP, CQR, CSR, TAH, SKC, MND, KAR, RRL, NWS, ERA, SIG"
144,0.1728091428015914,1.7899956945991078,"WBC, ANZ, TLS, TCL, COH, IGO, IAG, QAN, FPH, GPT, BSL, CWY, NHC, BEN, QUB, PMV, EVN, AMP, BPT, BLD, SGR, ZIM, GOZ, EVT, SUL, CMW, NWH, NWS, PTM, SIG"
145,0.1757916848222827,2.6610619425636175,"MQG, RIO, ALL, CPU, MIN, RHC, COH, APA, FPH, ORG, WHC, SEK, WOR, IPL, AZJ, ORI, CWY, JBH, QUB, AMP, BKW, DOW, ZIM, BWP, ABP, SUL, HLS, ABC, SWM, PRN"
146,0.17042590193050147,1.453373163444244,"CSL, NAB, ANZ, FMG, TLS, RIO, BXB, COH, ASX, VCX, GPT, MGR, LYC, CAR, AZJ, BEN, BOQ, CGF, AMP, FBU, FLT, DOW, ZIM, BWP, SGM, CSR, CMW, SFR, MYR, AGG"
147,0.1927164052408638,1.7938728615692967,"TCL, WOW, STO, ALL, QBE, CPU, JHX, MIN, RHC, WHC, SGP, GPT, SEK, IPL, YAL, ALD, SVW, CWY, BEN, EVN, FBU, FLT, BLD, PRU, IFL, IRE, SWM, MSB, JHG, AGG"
148,0.17948818002405728,1.4517143491583595,"NAB, MQG, FMG, TLS, WOW, NCM, IGO, TWE, SPK, VCX, BSL, IPL, CWY, NHC, QUB, EVN, AMP, ILU, FLT, ZIM, PRU, GOZ, ABP, NUF, GNC, KAR, RRL, ERA, SWM, JHG"
149,0.192071660333874,0.9604382736932224,"STO, NCM, QAN, GPT, SEK, WOR, IPL, CAR, HVN, BOQ, CGF, BPT, BKW, DOW, PRU, GOZ, ABP, EVT, CSR, HLS, CMW, SFR, IVC, MND, RRL, NWS, PTM, SWM, SIG, PRN"
150,0.1601381493769825,1.684059602534263,"CSL, WBC, RIO, STO, QBE, NCM, REA, SHL, COH, IGO, AMC, FPH, SPK, VCX, DXS, SGP, GPT, AZJ, QUB, AGL, PMV, BPT, GOZ, EVT, IFL, SKC, NWS, ERA, SWM, AGG"
151,0.17709142415545084,1.6949211494057663,"NAB, TLS, STO, ALL, QBE, CPU, RMD, RHC, APA, ORG, TWE, GPT, CAR, ALD, ORI, BEN, BOQ, ILU, FBU, FLT, ABP, EVT, CQR, CSR, NUF, IFL, CMW, NWH, PTM, JHG"
152,0.1628508063934399,2.2608029624504513,"WBC, ANZ, GMG, ALL, SHL, RMD, MIN, COH, SOL, SGP, SEK, YAL, AZJ, ALD, SVW, ORI, CWY, BOQ, MTS, PMV, BKW, BLD, DOW, SGM, GOZ, CMW, GNC, RRL, SWM, SIG"
153,0.1710871259179454,0.9952126715083298,"CSL, NAB, NCM, SHL, AMC, SOL, TWE, VCX, SGP, GPT, LYC, CAR, ALQ, QUB, AWC, AMP, BPT, CNU, SGR, SGM, EVT, CQR, TAH, IFL, SKC, SFR, PPT, RRL, SWM, AGG"
154,0.17124735186033102,1.803616542609423,"WBC, WES, TLS, TCL, WOW, RIO, REA, SHL, CPU, IAG, QAN, FPH, ORG, WHC, SPK, SGP, LYC, WOR, IPL, YAL, CAR, SVW, PMV, ILU, DOW, PDN, ABP, EVT, HLS, KAR"
155,0.17908061266981026,2.0450475714868426,"WES, WOW, ALL, REA, CPU, REH, WHC, TWE, SGP, OZL, MGR, SEK, WOR, CAR, ORI, LLC, ALQ, AGL, PMV, EVN, BPT, CNU, SGR, ZIM, PRU, GOZ, CSR, IFL, SFR, PRN"
156,0.18150932202563838,1.752743129312118,"WES, WOW, RIO, RMD, MIN, IGO, REH, VCX, SGP, OZL, WOR, AZJ, CWY, NHC, CGF, EVN, BPT, FBU, CNU, BLD, DOW, SGR, ZIM, NUF, SKC, SFR, RRL, NWS, MMS, PRN"
157,0.16153698135030442,1.4695357138278218,"WES, RIO, REA, CPU, IGO, QAN, WHC, SPK, SEK, IPL, AZJ, BOQ, PMV, EVN, AMP, FBU, CNU, DOW, PRU, BWP, EVT, TAH, HLS, IRE, CMW, GNC, MND, ABC, SIG, AGG"
158,0.19350834961962934,1.547991192968313,"WBC, FMG, TLS, GMG, STO, NCM, RMD, IGO, FPH, VCX, OZL, SEK, WOR, SVW, LLC, ALQ, AGL, ILU, FLT, SGR, PDN, SGM, CQR, NUF, HLS, GNC, IVC, NWS, ABC, PRN"
159,0.16896125389078745,2.432181003415201,"FMG, TCL, STO, ALL, QBE, REA, SHL, RHC, AMC, FPH, DXS, LYC, IPL, ALD, ALQ, HVN, QUB, AGL, AWC, PMV, EVN, ANN, CNU, DOW, GOZ, CQR, IFL, IVC, NWH, NWS"
160,0.19370488165040156,1.4802688216187523,"CSL, ALL, REA, IGO, IAG, REH, WHC, VCX, GPT, MGR, LYC, WOR, IPL, YAL, NHC, BEN, BKW, FLT, SGR, PDN, EVT, CQR, NUF, SKC, IRE, GNC, KAR, MMS, ERA, PRN"
161,0.17058889970713823,1.6252340185308434,"WOW, GMG, SHL, JHX, MIN, COH, AMC, ORG, WHC, TWE, DXS, SEK, SVW, ORI, BEN, CGF, QUB, EVN, SGR, PRU, GOZ, CSR, HLS, SKC, CMW, GNC, SFR, PTM, MYR, AGG"
162,0.1715260117230241,1.065364213422383,"WES, TLS, TCL, QBE, SHL, IAG, VCX, SGP, SEK, BOQ, JBH, QUB, AGL, MTS, BPT, FBU, BKW, BLD, SGR, ZIM, SGM, GOZ, CQR, TAH, NUF, IFL, PPT, KAR, ABC, MMS"
163,0.20758257134941763,2.1511326283128636,"ALL, QBE, JHX, MIN, IAG, APA, AMC, WHC, SPK, OZL, BSL, LYC, SEK, YAL, NHC, BEN, CGF, EVN, FLT, DOW, ZIM, PRU, PDN, SGM, CQR, SUL, NUF, HLS, NWH, MSB"
164,0.1713404574896641,1.800456282788152,"CSL, WES, TLS, RIO, ALL, NCM, REH, WHC, SPK, GPT, CWY, ALQ, BEN, JBH, QUB, PMV, BPT, FBU, BLD, SGR, BWP, PDN, GOZ, SUL, TAH, NUF, HLS, RRL, NWS, MYR"
165,0.16751495074955228,1.2137302790530118,"CSL, WES, TCL, WOW, STO, BXB, RMD, APA, AMC, QAN, ORG, GPT, YAL, LLC, BEN, AGL, EVN, BPT, ANN, BLD, SGR, BWP, ABP, SUL, IFL, HLS, SFR, SIG, PRN, MYR"
166,0.18011596118592416,2.601650206442475,"CSL, NAB, MQG, FMG, ALL, CPU, RMD, WHC, DXS, MGR, BSL, WOR, HVN, QUB, MTS, PMV, ILU, BPT, BKW, FLT, BLD, ZIM, SGM, GOZ, CQR, NUF, RRL, MMS, PRN, JHG"
167,0.18704309205418687,1.4324658149034266,"NAB, WBC, ANZ, STO, ALL, QBE, JHX, SUN, COH, IAG, ORG, WHC, TWE, BSL, CWY, LLC, QUB, FBU, FLT, SGM, EVT, CQR, SKC, IRE, IVC, RRL, MMS, SIG, MSB, PRN"
168,0.1833262427490904,1.5430272105395737,"NAB, RIO, NCM, BXB, REA, ASX, IGO, AMC, QAN, SOL, ORG, DXS, SGP, YAL, SVW, HVN, BEN, AWC, PMV, AMP, FBU, FLT, CNU, BLD, DOW, PRU, EVT, CSR, KAR, PRN"
169,0.19116649385098594,1.9285688184431629,"WBC, FMG, BXB, REA, SHL, RMD, JHX, ASX, IGO, TWE, IPL, YAL, SVW, ALQ, QUB, PMV, CNU, BLD, DOW, PDN, CSR, NUF, IFL, CMW, PPT, NWH, NWS, SIG, PRN, AGG"
170,0.18493409638954067,1.6131399191249365,"CSL, MQG, WOW, QAN, SOL, WHC, VCX, DXS, MGR, YAL, ALD, ALQ, HVN, JBH, MTS, PMV, DOW, PDN, SGM, EVT, CSR, SUL, HLS, IRE, GNC, SFR, MND, SWM, MSB, AGG"
171,0.17339054692795466,1.7887999774649623,"NAB, WES, TLS, TCL, ALL, CPU, RHC, ASX, APA, AMC, WHC, TWE, SGP, GPT, BSL, LYC, WOR, CWY, ALQ, ILU, ANN, SGR, ZIM, ABP, SKC, CMW, GNC, ERA, SWM, MYR"
172,0.1447368318834201,1.446248982627906,"CSL, TLS, WOW, RHC, APA, FPH, ORG, MGR, AZJ, ALD, CWY, ALQ, HVN, CGF, AGL, AWC, EVN, AMP, ANN, BKW, CNU, SGR, GOZ, TAH, IFL, IRE, CMW, KAR, NWS, AGG"
173,0.1738475121645025,1.8668004258357604,"CSL, NAB, MQG, WES, FMG, TLS, WOW, NCM, APA, REH, TWE, MGR, BSL, CAR, AZJ, ORI, NHC, BOQ, JBH, AWC, EVN, FBU, PDN, CSR, NUF, IRE, GNC, RRL, NWH, PRN"
174,0.1806409040904643,1.8741935876036706,"STO, ALL, SUN, ASX, IGO, FPH, ORG, TWE, GPT, BSL, SEK, YAL, SVW, HVN, BOQ, AWC, ILU, BPT, FBU, BKW, SGM, GOZ, EVT, SUL, NUF, HLS, CMW, GNC, IVC, PRN"
175,0.193921245394356,1.232569954280502,"WBC, WOW, RIO, VCX, BSL, SEK, CAR, AZJ, BOQ, JBH, PMV, EVN, AMP, BPT, FBU, BKW, CNU, ZIM, PDN, EVT, CQR, TAH, GNC, SFR, KAR, ERA, SIG, MSB, JHG, MYR"
176,0.17757769301810772,1.693104364379344,"MQG, TLS, TCL, ASX, IGO, AMC, REH, WHC, SPK, SGP, GPT, MGR, WOR, ALD, SVW, NHC, JBH, CGF, AMP, FLT, BLD, DOW, BWP, EVT, SUL, PPT, MMS, JHG, MYR, AGG"
177,0.19712507580257882,2.1646966472124975,"MQG, WOW, GMG, ALL, BXB, JHX, IGO, QAN, WHC, TWE, DXS, SEK, WOR, CAR, LLC, HVN, BPT, FBU, DOW, ZIM, BWP, PDN, SGM, EVT, CSR, TAH, RRL, ERA, MSB, JHG"
178,0.1970248707826765,1.9715748276033507,"NAB, WBC, RIO, ALL, REA, IAG, APA, FPH, WHC, VCX, DXS, SGP, OZL, WOR, IPL, YAL, SVW, CWY, NHC, BEN, AGL, ILU, FLT, DOW, SGR, ZIM, PPT, NWH, SWM, MYR"
179,0.1650228792221002,1.6391535324477364,"ANZ, WES, TCL, RIO, STO, ALL, BXB, CPU, JHX, COH, AMC, SPK, SEK, IPL, YAL, CAR, ORI, CWY, BOQ, QUB, AMP, BPT, BKW, CNU, CQR, SFR, ERA, SWM, SIG, MYR"
180,0.1518992836118802,1.6440023060625424,"WBC, TCL, WOW, RIO, ALL, BXB, SUN, COH, APA, REH, WHC, MGR, LYC, YAL, SVW, HVN, BOQ, EVN, AMP, ANN, BKW, SGR, ZIM, GOZ, HLS, GNC, SFR, ABC, PTM, JHG"
181,0.18049129044942055,1.4078313200016304,"CSL, WES, FMG, REA, SHL, SPK, OZL, WOR, YAL, ALD, ALQ, HVN, AWC, MTS, BKW, FLT, CNU, SGR, PDN, NUF, SKC, CMW, PPT, MND, KAR, RRL, NWS, MMS, ERA, MYR"
182,0.165046812747889,1.4909337007905807,"FMG, TCL, QBE, NCM, IGO, APA, QAN, REH, VCX, DXS, BSL, AZJ, NHC, ALQ, BEN, PMV, AMP, ANN, FBU, BLD, DOW, BWP, EVT, NUF, CMW, PPT, RRL, NWS, ABC, MMS"
183,0.1737495411137246,1.5346431362592177,"WBC, ANZ, TLS, STO, QBE, NCM, BXB, REA, MIN, IGO, FPH, ORG, OZL, MGR, YAL, LLC, HVN, AGL, AWC, MTS, FBU, PRU, SGM, GOZ, SFR, IVC, PTM, MMS, ERA, MSB"
184,0.15700420185531863,1.9230288598279084,"CSL, RIO, ALL, RMD, JHX, RHC, COH, IAG, APA, SPK, GPT, BSL, BEN, QUB, AGL, AWC, EVN, BKW, ZIM, CSR, TAH, IFL, GNC, MND, RRL, PTM, MMS, ERA, SWM, SIG"
185,0.17173623452103165,1.8666601678252648,"WBC, TLS, STO, MIN, RHC, APA, QAN, TWE, OZL, BSL, ALD, ALQ, HVN, BOQ, JBH, PMV, EVN, ILU, ANN, SGR, BWP, SGM, EVT, SUL, NUF, CMW, GNC, SFR, MND, ERA"
186,0.1944631948058391,1.4389748413297592,"ANZ, MQG, GMG, STO, SHL, COH, IGO, AMC, REH, LYC, WOR, SVW, QUB, AGL, PMV, BPT, BKW, FLT, CNU, BLD, SGM, GOZ, EVT, SUL, NUF, SKC, GNC, KAR, ERA, SWM"
187,0.213252101426249,1.1490711141896406,"CSL, TLS, NCM, IAG, APA, DXS, OZL, LYC, AZJ, ALD, SVW, PMV, AMP, ILU, BPT, FBU, FLT, DOW, SGR, ZIM, SGM, GOZ, CSR, IFL, IRE, SFR, MND, NWH, PRN, MYR"
188,0.161403695240885,1.9376574106670028,"CSL, WBC, ANZ, TCL, WOW, STO, QBE, AMC, QAN, FPH, REH, TWE, SPK, BSL, LYC, AZJ, SVW, CWY, LLC, ALQ, JBH, AGL, MTS, EVN, FBU, CSR, IFL, IRE, SWM, PRN"
189,0.20432068906869888,1.518048041686486,"MQG, TCL, WOW, STO, ALL, BXB, REH, ORG, WHC, SPK, VCX, LYC, YAL, CAR, NHC, ALQ, FBU, BKW, FLT, ZIM, PDN, EVT, TAH, CMW, IVC, MND, MMS, MSB, PRN, MYR"
190,0.16097792422688104,1.7807918678863208,"TCL, GMG, ALL, QBE, NCM, SHL, RMD, RHC, IAG, REH, MGR, BSL, LYC, ALD, LLC, NHC, BOQ, QUB, MTS, EVN, DOW, SGR, PDN, CQR, CSR, NUF, IRE, KAR, ERA, SIG"
191,0.1847282652416625,1.4553360499349215,"TLS, RIO, STO, BXB, REA, CPU, RMD, RHC, IGO, APA, AMC, BSL, SEK, WOR, IPL, CGF, AWC, MTS, BPT, SGM, SUL, GNC, IVC, KAR, NWS, ABC, PTM, SWM, PRN, AGG"
192,0.17610145810473163,2.0631072907209473,"WES, FMG, RIO, GMG, BXB, REA, CPU, IGO, QAN, FPH, SOL, VCX, WOR, AZJ, SVW, ORI, HVN, BOQ, EVN, BKW, BLD, SGM, GOZ, CQR, CSR, CMW, IVC, PPT, KAR, PRN"
193,0.21086129300955822,1.1893397399933638,"WES, GMG, STO, CPU, AMC, FPH, SOL, OZL, GPT, IPL, ALD, SVW, LLC, AMP, BPT, FLT, BLD, SGR, SGM, ABP, SUL, TAH, GNC, PPT, MND, NWH, PTM, MMS, ERA, MSB"
194,0.1759561383657723,1.4046877495881036,"STO, QBE, REA, CPU, RHC, FPH, SOL, REH, ORG, DXS, SGP, LYC, CAR, ALD, CGF, ILU, ANN, FBU, PRU, CQR, CSR, NUF, IFL, HLS, CMW, MND, RRL, PTM, SWM, JHG"
195,0.15804833413544353,1.9775399699113407,"ANZ, WES, WOW, GMG, QBE, BXB, REA, SHL, MIN, IAG, FPH, SPK, DXS, MGR, ALQ, QUB, EVN, FBU, FLT, DOW, BWP, SGM, ABP, EVT, NUF, CMW, IVC, KAR, MMS, JHG"
196,0.1719432158598052,1.818549704753858,"FMG, TLS, ALL, CPU, RMD, AMC, REH, TWE, DXS, SGP, MGR, IPL, AZJ, ALQ, EVN, ILU, BPT, ANN, PDN, GOZ, CQR, CSR, SKC, IRE, GNC, MND, ABC, MMS, ERA, MYR"
197,0.17432108141384503,1.4388134412383007,"FMG, GMG, QBE, BXB, IGO, AMC, ORG, SPK, DXS, LYC, ALD, ORI, CWY, HVN, JBH, QUB, AGL, AWC, AMP, ILU, BPT, FLT, DOW, BWP, CQR, NUF, HLS, SFR, ABC, MYR"
198,0.1690425294262311,1.557444881591227,"CSL, RIO, NCM, RMD, APA, QAN, FPH, REH, SPK, VCX, SEK, AZJ, HVN, BEN, AGL, AMP, BPT, FBU, BLD, CQR, SKC, IRE, GNC, NWS, ABC, PTM, MMS, ERA, MSB, MYR"
199,0.17723145377761917,1.9293183390213353,"MQG, FMG, TLS, ALL, QBE, NCM, CPU, SUN, TWE, OZL, MGR, YAL, CAR, AZJ, ALD, CWY, JBH, MTS, ANN, BLD, PDN, SUL, CMW, IVC, KAR, PTM, MMS, PRN, JHG, MYR"
200,0.18084796112568283,2.204221892974695,"CSL, ANZ, MQG, STO, BXB, MIN, RHC, APA, AMC, QAN, FPH, WHC, VCX, OZL, CWY, NHC, BOQ, AWC, AMP, BPT, FBU, FLT, SGR, ZIM, PDN, SGM, SUL, NUF, GNC, RRL"
201,0.17606809062856207,1.6686004153560874,"FMG, STO, JHX, ASX, IAG, APA, QAN, FPH, ORG, SGP, GPT, BSL, IPL, CAR, ORI, BEN, AGL, PMV, EVN, ANN, FLT, BLD, PRU, GOZ, CQR, IFL, CMW, PPT, MYR, AGG"
202,0.17776039909222457,2.251425630952439,"ANZ, MQG, WES, TLS, GMG, STO, RMD, MIN, SUN, QAN, FPH, DXS, OZL, BSL, IPL, AZJ, EVN, BLD, SGR, BWP, CQR, SUL, SKC, GNC, IVC, NWS, MMS, MSB, PRN, JHG"
203,0.17316587936516073,2.1935464277004093,"MQG, FMG, NCM, REA, CPU, FPH, ORG, MGR, BSL, YAL, CAR, AZJ, CWY, BOQ, JBH, CGF, MTS, EVN, ILU, BKW, FLT, CNU, ZIM, PRU, PDN, ABP, TAH, KAR, RRL, MMS"
204,0.17847448592645646,1.153905514930563,"NAB, TCL, STO, NCM, REA, CPU, SUN, ASX, ORG, SGP, GPT, MGR, SEK, IPL, ALD, ORI, ALQ, BEN, CGF, AGL, AWC, EVN, CNU, BLD, SGR, GOZ, SUL, HLS, ABC, MYR"
205,0.18345150003015034,1.6335050365503072,"WBC, FMG, TLS, RIO, BXB, JHX, APA, ORG, WHC, TWE, DXS, BSL, AZJ, SVW, CWY, QUB, PMV, AMP, FBU, FLT, ZIM, SGM, ABP, CQR, GNC, IVC, MND, ERA, PRN, JHG"
206,0.18040852540818347,1.406801608882942,"TLS, STO, REA, SHL, AMC, VCX, DXS, SGP, MGR, LYC, AZJ, ALQ, BOQ, JBH, AWC, ILU, ANN, BKW, DOW, ZIM, GOZ, ABP, CSR, TAH, SFR, PPT, SWM, SIG, MSB, JHG"
207,0.2003708741072548,2.125991861517806,"CSL, WBC, MQG, FMG, TCL, REA, JHX, SUN, IGO, APA, DXS, OZL, BSL, ALD, LLC, ALQ, PMV, BLD, ZIM, EVT, IFL, CMW, IVC, PPT, RRL, NWH, NWS, SIG, MSB, PRN"
208,0.17217440377315887,1.4757742733302082,"CSL, TLS, WOW, NCM, REA, SHL, CPU, RHC, APA, GPT, BSL, IPL, CAR, HVN, BEN, AWC, AMP, BPT, BWP, GOZ, EVT, CSR, NUF, SKC, CMW, SFR, PTM, SWM, MSB, PRN"
209,0.18711098778598162,2.555263469607666,"CSL, NAB, MQG, WES, FMG, RIO, STO, JHX, MIN, IGO, QAN, FPH, GPT, LYC, SEK, IPL, ORI, LLC, BEN, CGF, AGL, MTS, PMV, BWP, SGM, EVT, SFR, NWH, MMS, MYR"
210,0.16998583714298598,2.1374346227683105,"NAB, WES, ALL, NCM, BXB, REA, SHL, COH, APA, FPH, VCX, BSL, SEK, WOR, YAL, CAR, SVW, ORI, HVN, BEN, QUB, AGL, PMV, AMP, FLT, CQR, HLS, GNC, NWS, MYR"
211,0.19040203697665245,1.7572515138654299,"MQG, WES, RIO, QBE, NCM, MIN, COH, QAN, FPH, ORG, TWE, SPK, MGR, YAL, AZJ, CWY, FBU, CSR, NUF, IFL, SKC, IVC, MND, KAR, RRL, NWH, NWS, PTM, PRN, MYR"
212,0.17579422853936327,1.4494980531857196,"MQG, WES, TCL, STO, REA, JHX, ASX, SPK, LYC, WOR, CAR, LLC, BOQ, JBH, EVN, ANN, FBU, SGR, PRU, PDN, SGM, EVT, CQR, TAH, HLS, SKC, IVC, RRL, PTM, SIG"
213,0.1802789917349711,1.790856492522285,"ANZ, MQG, QBE, JHX, COH, AMC, QAN, REH, OZL, SEK, CAR, CWY, LLC, ALQ, BEN, BOQ, CGF, EVN, BKW, DOW, BWP, SGM, HLS, IRE, GNC, IVC, NWH, ABC, JHG, AGG"
214,0.16317661140001596,1.5983930035746114,"GMG, STO, SHL, CPU, RMD, IGO, FPH, SOL, MGR, WOR, IPL, AZJ, SVW, NHC, HVN, BEN, BOQ, AGL, EVN, ANN, ABP, NUF, SKC, GNC, IVC, PPT, MND, RRL, MMS, SWM"
215,0.1812329603685274,1.4279741066284375,"WBC, WES, TLS, CPU, RMD, JHX, SUN, RHC, COH, WHC, MGR, LYC, SEK, AZJ, SVW, JBH, EVN, ANN, SGR, BWP, PDN, CQR, IFL, GNC, SFR, PPT, MND, KAR, RRL, MYR"
216,0.1606258983095361,1.5476446313230503,"ANZ, WES, FMG, QBE, RMD, SUN, RHC, SOL, WHC, VCX, YAL, ORI, HVN, BEN, BOQ, CGF, AWC, PMV, CNU, PRU, ABP, TAH, IRE, GNC, IVC, MND, NWS, MMS, SIG, MYR"
217,0.18750566930583334,1.5838829595809414,"WBC, ANZ, MQG, TLS, GMG, REA, CPU, RMD, ASX, WHC, OZL, MGR, SEK, NHC, QUB, AWC, AMP, ILU, BPT, FBU, BLD, ABP, SKC, GNC, PPT, ABC, PTM, ERA, SWM, PRN"
218,0.18097661985985233,1.9634432550992265,"CSL, MQG, WES, WOW, ALL, QBE, SUN, RHC, TWE, DXS, OZL, BSL, IPL, YAL, BOQ, CGF, PMV, BPT, FLT, DOW, SGR, ZIM, PDN, GOZ, SUL, HLS, SKC, SIG, PRN, AGG"
219,0.18229523153993185,1.2928010812551305,"FMG, WOW, QBE, RHC, FPH, OZL, YAL, SVW, ALQ, HVN, BOQ, AGL, MTS, AMP, ILU, BKW, DOW, PDN, SGM, ABP, IFL, HLS, SKC, IRE, MND, RRL, NWS, ABC, MSB, JHG"
220,0.1771289265690369,1.4815489370632329,"ANZ, NCM, BXB, REA, RMD, ASX, IGO, SGP, MGR, BSL, LYC, WOR, CAR, HVN, CGF, AGL, CNU, BLD, DOW, SGR, PRU, ABP, CSR, HLS, GNC, SFR, PPT, ERA, SWM, SIG"
221,0.18340562750457634,1.990408594023004,"CSL, WBC, FMG, TCL, BXB, REA, RMD, RHC, REH, ORG, MGR, BSL, CGF, QUB, PMV, ILU, FBU, BKW, SGR, ZIM, PDN, IFL, IRE, GNC, SFR, IVC, MMS, SWM, JHG, MYR"
222,0.17142706476104363,1.4397148448016592,"TLS, WOW, QBE, SHL, MIN, SUN, IGO, IAG, AMC, SOL, YAL, LLC, NHC, JBH, AWC, BPT, FBU, DOW, PRU, BWP, PDN, CQR, CSR, SUL, TAH, IRE, SFR, PTM, JHG, MYR"
223,0.15983143430405522,2.4617145635974986,"NAB, ANZ, TLS, TCL, ALL, QBE, CPU, RMD, COH, FPH, SOL, REH, ORG, WHC, BSL, CAR, AZJ, CWY, LLC, NHC, JBH, CGF, AGL, BPT, DOW, ABP, TAH, IRE, PPT, PRN"
224,0.210766922370767,1.664681284348199,"WBC, FMG, STO, SHL, RMD, MIN, COH, ASX, QAN, VCX, MGR, WOR, CAR, AZJ, LLC, PMV, BPT, FLT, BLD, EVT, CQR, GNC, SFR, MND, ABC, MMS, ERA, SWM, MSB, PRN"
225,0.16935652749961996,1.0494719140224764,"CSL, ANZ, WOW, NCM, SHL, JHX, ORG, WHC, IPL, CAR, ALD, ORI, CWY, NHC, QUB, AMP, ANN, FLT, BWP, ABP, TAH, IFL, HLS, SKC, PPT, ABC, MMS, JHG, MYR, AGG"
226,0.19708528726022673,2.1764367887351153,"NAB, MQG, WES, RIO, GMG, STO, ALL, BXB, ASX, SOL, WHC, SGP, BSL, SEK, AZJ, SVW, CWY, HVN, BEN, QUB, PMV, ILU, BPT, PDN, GOZ, SUL, KAR, PTM, SWM, PRN"
227,0.17601017941249672,1.4856167732548777,"NAB, FMG, QBE, NCM, COH, IAG, WHC, BSL, WOR, CAR, AZJ, ALD, CWY, BEN, PMV, AMP, FBU, CNU, BLD, ZIM, SGM, EVT, IFL, GNC, NWS, ABC, PTM, SWM, SIG, JHG"
228,0.18871968547484894,1.8649275064983155,"FMG, TCL, RIO, BXB, CPU, JHX, MIN, COH, ASX, APA, REH, ORG, SPK, LYC, LLC, ALQ, BOQ, CGF, PMV, ILU, BPT, BKW, PDN, SUL, TAH, IFL, SKC, GNC, MMS, MYR"
229,0.1810832243153159,1.9915175627396833,"CSL, WES, TCL, ALL, MIN, IAG, GPT, BSL, SEK, WOR, CAR, SVW, ORI, LLC, QUB, EVN, ILU, DOW, ZIM, PDN, TAH, NUF, IRE, IVC, MND, KAR, PTM, MMS, SIG, JHG"
230,0.1536772476075933,1.4133998046666814,"CSL, TLS, RIO, QBE, QAN, FPH, WHC, VCX, MGR, SEK, YAL, BOQ, AGL, FBU, FLT, CNU, ZIM, GOZ, ABP, TAH, HLS, IRE, SFR, MND, RRL, NWS, PTM, MMS, JHG, AGG"
231,0.1878406974772246,1.387126723060021,"CSL, NAB, RIO, GMG, QBE, RMD, APA, REH, DXS, SGP, GPT, BSL, WOR, YAL, CAR, SVW, ILU, BPT, FBU, SGR, ABP, SUL, TAH, HLS, IVC, MND, NWS, PTM, MSB, MYR"
232,0.1679066511450807,1.4047846860519644,"MQG, WES, WOW, NCM, BXB, REA, SOL, TWE, SGP, BSL, YAL, AZJ, ORI, CWY, BOQ, CGF, ILU, ANN, FBU, CNU, BWP, ABP, IRE, IVC, MND, NWS, SWM, MSB, MYR, AGG"
233,0.1992682709819588,2.3602586328036685,"WBC, TCL, WOW, ALL, MIN, ASX, IGO, APA, FPH, SOL, WHC, VCX, BSL, SVW, ORI, CWY, JBH, QUB, MTS, ZIM, PDN, SGM, TAH, GNC, MND, KAR, ERA, SWM, MSB, MYR"
234,0.19451938768244909,2.4161625430576965,"CSL, NAB, ANZ, TLS, ALL, NCM, JHX, MIN, RHC, AMC, FPH, SGP, BSL, CAR, CWY, BEN, AWC, BPT, ABP, EVT, CSR, NUF, SKC, IRE, GNC, MND, KAR, NWH, PRN, MYR"
235,0.15805380287395931,1.530581938140004,"ANZ, MQG, GMG, QBE, RMD, JHX, SUN, IAG, SOL, TWE, SGP, ALD, ORI, NHC, HVN, BOQ, AGL, MTS, FLT, BLD, BWP, CQR, CSR, IFL, HLS, SKC, IVC, MND, SIG, PRN"
236,0.18347454373101252,1.80173779956197,"NAB, ANZ, RIO, ALL, QBE, NCM, CPU, RMD, COH, QAN, WHC, SGP, GPT, BSL, CAR, ALQ, HVN, BEN, QUB, AGL, ANN, FBU, FLT, GOZ, SKC, GNC, ABC, SWM, MSB, PRN"
237,0.1912873780178647,2.482460416248253,"NAB, ANZ, GMG, ALL, NCM, REA, MIN, RHC, QAN, REH, VCX, MGR, SEK, ALQ, BOQ, JBH, CGF, QUB, EVN, AMP, ILU, CNU, ZIM, PDN, CSR, GNC, SFR, IVC, MND, NWH"
238,0.1622240075245584,2.370094285933757,"NAB, WES, FMG, TLS, RMD, JHX, RHC, COH, ASX, IGO, QAN, FPH, REH, TWE, SPK, SGP, SVW, NHC, BOQ, MTS, PMV, FBU, CNU, BLD, TAH, KAR, NWH, ERA, JHG, AGG"
239,0.18433463302905193,1.4688916295840366,"MQG, WES, FMG, GMG, BXB, IAG, APA, ORG, VCX, OZL, SVW, HVN, BOQ, CGF, ANN, SGR, PRU, GOZ, EVT, SUL, TAH, IFL, HLS, IVC, NWS, ABC, PTM, MMS, SWM, MYR"
240,0.18160677421108384,1.4549241569949452,"WBC, TLS, TCL, GMG, STO, NCM, JHX, AMC, WHC, SPK, VCX, MGR, SEK, AZJ, ALD, CWY, NHC, JBH, AGL, AMP, BLD, PRU, PDN, CSR, SUL, IFL, HLS, SKC, NWH, JHG"
241,0.16416163726065405,2.415203315200423,"CSL, NAB, ANZ, MQG, GMG, REA, JHX, COH, ASX, IGO, IAG, APA, FPH, LYC, SEK, CAR, SVW, JBH, CGF, AWC, ANN, CNU, CQR, TAH, IRE, SFR, NWS, ERA, SIG, MSB"
242,0.17757301815201146,2.93868889596861,"MQG, WES, FMG, TLS, WOW, RIO, GMG, STO, ALL, REA, RMD, JHX, MIN, SUN, ORG, WHC, SGP, SEK, IPL, CAR, ALD, BEN, AWC, PMV, SGM, CMW, GNC, PPT, MSB, JHG"
243,0.17258674041082872,1.9647521303589408,"CSL, NAB, MQG, GMG, RMD, MIN, IGO, IAG, REH, ORG, SPK, VCX, SGP, MGR, ORI, HVN, BEN, AGL, AMP, ILU, FLT, SGR, GOZ, CSR, NUF, MND, KAR, RRL, NWS, PRN"
244,0.19384860564916792,2.0002612022089292,"NAB, MQG, TLS, GMG, QBE, REA, RMD, JHX, IGO, QAN, REH, SGP, SEK, WOR, IPL, EVN, BPT, ANN, DOW, ZIM, PDN, CQR, CSR, NUF, IFL, HLS, SKC, RRL, NWH, ABC"
245,0.187098283546836,2.0906840741678807,"NAB, TLS, RIO, GMG, ALL, NCM, RMD, MIN, ASX, SPK, IPL, QUB, AWC, PMV, FBU, FLT, CNU, ZIM, PDN, ABP, SUL, TAH, SFR, IVC, PPT, RRL, NWH, ERA, SIG, MSB"
246,0.18656561854153356,1.273050322337974,"WBC, FMG, TLS, NCM, BXB, SHL, ASX, ORG, DXS, GPT, SEK, WOR, LLC, ALQ, PMV, ANN, BKW, CNU, DOW, BWP, GOZ, ABP, CSR, IFL, KAR, RRL, NWS, ABC, MSB, PRN"
247,0.18432483757217652,1.3301002600463425,"ANZ, TLS, TCL, RIO, NCM, CPU, IGO, AMC, SPK, SGP, MGR, LYC, HVN, BEN, JBH, QUB, AWC, PMV, EVN, DOW, SGR, PDN, SGM, TAH, NUF, GNC, SFR, NWH, NWS, ERA"
248,0.18603461749173825,1.661881182283155,"WBC, FMG, WOW, STO, NCM, CPU, RHC, IGO, APA, FPH, REH, OZL, MGR, YAL, ALD, CWY, BOQ, FBU, BKW, FLT, DOW, SGR, SGM, CSR, SUL, MND, KAR, MMS, PRN, JHG"
249,0.16584158355408868,1.1709391019779147,"WBC, RIO, REA, SHL, SUN, AMC, SPK, DXS, OZL, WOR, YAL, AZJ, ALD, ORI, LLC, HVN, BEN, BOQ, AWC, MTS, FLT, DOW, NUF, CMW, GNC, NWS, PTM, MMS, MSB, JHG"
250,0.15954451417740156,1.527573481652317,"WES, TCL, GMG, BXB, REA, RMD, IAG, QAN, SOL, ORG, TWE, VCX, MGR, BSL, IPL, BOQ, CGF, AGL, ANN, BLD, PRU, EVT, NUF, PPT, MND, KAR, NWS, PTM, ERA, AGG"
251,0.18311261037562893,1.613434001795274,"MQG, TCL, RIO, QBE, SHL, CPU, JHX, SUN, COH, ORG, WHC, TWE, OZL, LYC, SEK, ORI, CWY, BEN, PMV, ANN, BKW, DOW, SGM, CQR, NUF, IFL, SFR, KAR, SWM, PRN"
252,0.21237498279302922,1.7875176216556077,"NAB, GMG, REA, JHX, RHC, IGO, IAG, QAN, REH, ORG, WHC, SEK, ALD, JBH, PMV, AMP, BPT, ANN, FBU, FLT, BLD, SGR, ZIM, SGM, CQR, SKC, NWH, ABC, MSB, MYR"
253,0.18182449801376968,2.0366865217755032,"CSL, NAB, MQG, WOW, ALL, NCM, BXB, REA, JHX, SUN, IGO, AMC, SPK, VCX, LYC, WOR, LLC, HVN, EVN, ANN, FBU, FLT, CSR, IFL, GNC, NWH, MMS, ERA, SIG, JHG"
254,0.1720989676041641,1.1497082957390692,"NAB, WBC, FMG, WOW, RMD, IAG, SGP, OZL, YAL, AZJ, ALD, LLC, ALQ, MTS, AMP, BPT, BKW, BLD, SGR, ZIM, ABP, SUL, IFL, HLS, GNC, PPT, RRL, ABC, MMS, SWM"
255,0.18520824460446222,1.0358405117725074,"WBC, TLS, STO, QBE, SUN, COH, AMC, ORG, GPT, BSL, ALD, CWY, BKW, BLD, SGR, BWP, ABP, EVT, CSR, TAH, CMW, GNC, PPT, NWH, ABC, MMS, ERA, JHG, MYR, AGG"
256,0.16036881496917915,2.0453461943596456,"CSL, FMG, ALL, JHX, ASX, REH, WHC, TWE, OZL, IPL, CAR, AZJ, CWY, HVN, QUB, AGL, FBU, SGR, SGM, GOZ, HLS, GNC, IVC, PPT, MND, RRL, NWS, ERA, SIG, JHG"
257,0.17457559772527295,1.6204517541911718,"CSL, TCL, RIO, SHL, JHX, ASX, APA, AMC, SGP, LYC, IPL, SVW, ORI, CWY, LLC, NHC, JBH, AGL, PMV, CNU, DOW, PDN, ABP, TAH, SFR, KAR, MMS, ERA, PRN, JHG"
258,0.16482162402330228,2.275197189788272,"NAB, ANZ, WES, ALL, REA, CPU, RMD, MIN, SUN, IAG, APA, SOL, TWE, IPL, CAR, SVW, ORI, BEN, QUB, MTS, AMP, ANN, DOW, SUL, TAH, NUF, SKC, MND, PRN, JHG"
259,0.1856809529768169,2.006318848347343,"RIO, REA, SHL, JHX, COH, IGO, IAG, FPH, REH, TWE, VCX, DXS, GPT, SEK, WOR, IPL, CAR, ALQ, HVN, BOQ, PMV, ILU, BKW, FLT, CQR, SUL, HLS, SKC, NWH, PRN"
260,0.17395997077673975,1.5968775230199963,"NAB, WBC, MQG, STO, REA, AMC, QAN, FPH, ORG, SPK, AZJ, LLC, HVN, AGL, MTS, ANN, FBU, BKW, PRU, SGM, CQR, TAH, SFR, MND, KAR, RRL, NWH, ABC, MMS, JHG"
261,0.1592100527011756,1.3723823884488655,"NAB, ANZ, WES, GMG, STO, COH, APA, QAN, SOL, SGP, BSL, CAR, ALD, NHC, BOQ, QUB, AGL, MTS, PMV, AMP, ILU, ANN, ABP, SUL, TAH, NUF, SKC, IRE, CMW, ABC"
262,0.17783564933765567,1.7670733555930855,"CSL, WBC, TLS, STO, BXB, RMD, IGO, FPH, REH, TWE, OZL, WOR, YAL, ALD, ALQ, MTS, PMV, AMP, BLD, ZIM, CQR, CSR, TAH, CMW, MND, KAR, RRL, NWH, SWM, SIG"
263,0.1520180510645579,2.3649973600382546,"CSL, NAB, ANZ, FMG, ALL, QBE, SHL, CPU, IAG, AMC, WHC, SPK, DXS, SGP, OZL, BSL, YAL, AZJ, ALD, CWY, ALQ, BEN, JBH, CGF, AMP, SGM, EVT, IVC, MMS, SIG"
264,0.18237028270715333,1.9290799790740834,"WBC, GMG, ALL, QBE, BXB, SHL, CPU, RHC, IGO, QAN, ORG, WHC, TWE, OZL, SEK, IPL, SVW, CWY, LLC, NHC, ALQ, CGF, MTS, ILU, ANN, FLT, SGM, SUL, RRL, PRN"
265,0.17721151653402586,1.5458439754230673,"WES, RIO, STO, QBE, BXB, CPU, JHX, MIN, RHC, IGO, AMC, SOL, WHC, VCX, LYC, WOR, AZJ, AGL, MTS, BPT, ANN, BKW, PDN, GOZ, EVT, CQR, CMW, IVC, KAR, ABC"
266,0.1634893933181668,1.7211636542984587,"NAB, ANZ, FMG, STO, QBE, NCM, SHL, JHX, RHC, COH, APA, REH, SPK, DXS, MGR, WOR, JBH, CGF, PMV, BPT, CNU, GOZ, EVT, NUF, IRE, GNC, PPT, ABC, SWM, SIG"
267,0.17036744569273404,1.3043989675417413,"CSL, MQG, NCM, APA, AMC, QAN, DXS, SGP, GPT, MGR, IPL, YAL, SVW, ORI, CWY, LLC, CGF, BWP, CQR, SUL, NUF, SKC, CMW, GNC, IVC, PPT, RRL, MMS, ERA, MYR"
268,0.15949306649132186,1.3692340334357533,"STO, BXB, REA, SUN, IAG, APA, VCX, MGR, YAL, ALD, LLC, JBH, CGF, QUB, AWC, PMV, ANN, BKW, CNU, EVT, TAH, NUF, SKC, GNC, IVC, MND, RRL, NWS, SIG, JHG"
269,0.16066321534380928,1.3658398161534455,"CSL, WOW, STO, BXB, RMD, SUN, IAG, AMC, DXS, GPT, WOR, YAL, CWY, HVN, BOQ, AGL, EVN, FBU, CNU, BWP, ABP, CSR, IRE, GNC, RRL, NWS, PTM, MSB, JHG, MYR"
270,0.18263513434732206,2.017388898401995,"ANZ, TLS, GMG, ALL, QBE, BXB, JHX, MIN, IGO, IAG, ORG, TWE, SPK, OZL, YAL, CAR, ORI, CWY, LLC, HVN, BLD, SGR, BWP, GOZ, EVT, IFL, PPT, KAR, SWM, MSB"
271,0.17056567834550607,1.2889673378024185,"CSL, ANZ, TLS, WOW, ALL, QBE, CPU, SUN, IAG, WHC, VCX, DXS, SGP, OZL, GPT, AGL, AWC, EVN, AMP, ANN, BKW, BLD, PDN, GOZ, IFL, SFR, RRL, SIG, PRN, MYR"
272,0.17287587262381118,2.0908970574314605,"MQG, STO, REA, CPU, MIN, IAG, REH, SPK, SGP, OZL, GPT, LYC, WOR, AZJ, ORI, ALQ, HVN, QUB, ANN, BKW, ZIM, BWP, EVT, CQR, SUL, HLS, KAR, SWM, SIG, JHG"
273,0.16779560139119956,2.0895006780070893,"NAB, WES, GMG, RMD, JHX, MIN, ASX, IGO, ORG, TWE, AZJ, CWY, ALQ, MTS, PMV, BPT, ANN, FLT, CNU, BWP, PDN, ABP, EVT, CSR, NUF, CMW, SFR, ABC, SIG, PRN"
274,0.1845968958283917,1.1060675795864543,"ANZ, STO, JHX, SUN, RHC, ASX, IGO, APA, REH, ORG, SPK, SGP, MGR, IPL, CAR, ORI, HVN, QUB, EVN, ILU, PRU, SUL, SFR, PPT, MND, ABC, MMS, SWM, JHG, MYR"
275,0.17616790493295995,1.3582279889206745,"WES, BXB, RMD, RHC, IAG, QAN, WHC, TWE, SPK, BSL, WOR, YAL, ALD, CGF, MTS, EVN, FBU, BKW, GOZ, ABP, CSR, HLS, IRE, SFR, IVC, KAR, PTM, SWM, MSB, PRN"
276,0.17617309024568473,1.2932840429060235,"CSL, FMG, TLS, QBE, NCM, BXB, REA, IAG, QAN, GPT, LYC, ORI, LLC, BOQ, AGL, PMV, FBU, FLT, BLD, SGR, ZIM, PRU, BWP, ABP, HLS, SFR, RRL, SIG, MSB, MYR"
277,0.19849178384383534,1.3861918462561587,"CSL, WBC, ANZ, FMG, TLS, STO, QBE, CPU, RMD, IGO, ORG, OZL, WOR, BOQ, AWC, MTS, ANN, FLT, SGM, ABP, TAH, IFL, IRE, IVC, NWH, ERA, SWM, PRN, JHG, AGG"
278,0.16670094435726054,2.0356071435665117,"NAB, MQG, SHL, MIN, COH, IGO, IAG, AMC, SOL, REH, TWE, SPK, SGP, BSL, AZJ, LLC, NHC, HVN, JBH, ILU, BKW, FLT, SGR, BWP, TAH, NUF, KAR, ABC, ERA, MSB"
279,0.19507078183180762,1.2835430936239849,"NAB, WBC, ANZ, WOW, GMG, BXB, CPU, JHX, ASX, AMC, QAN, WHC, SGP, MGR, YAL, NHC, JBH, FBU, BKW, SGR, HLS, RRL, NWH, ABC, PTM, ERA, MSB, PRN, JHG, MYR"
280,0.17295579148913215,1.6424535633490276,"NAB, TCL, RIO, GMG, NCM, REA, SHL, MIN, RHC, APA, ORG, MGR, SEK, CAR, AZJ, SVW, BEN, MTS, AMP, BPT, ANN, NUF, IFL, SKC, GNC, SFR, NWH, MMS, SIG, AGG"
281,0.17762802063374475,1.8524723012212898,"CSL, NAB, GMG, SHL, MIN, RHC, IGO, FPH, WHC, VCX, OZL, YAL, CAR, ORI, LLC, BOQ, AWC, EVN, ILU, BKW, BLD, PRU, PDN, SGM, GOZ, SKC, GNC, SIG, MYR, AGG"
282,0.16589065628411262,2.2264589694695918,"NAB, FMG, WOW, GMG, ALL, REA, RHC, APA, QAN, REH, ORG, TWE, OZL, BSL, YAL, CAR, BKW, DOW, BWP, CQR, CSR, SUL, TAH, IFL, PPT, KAR, RRL, PTM, SIG, JHG"
283,0.20086295494123604,1.3574165434003844,"WES, FMG, STO, NCM, BXB, APA, QAN, SOL, WHC, TWE, BSL, YAL, ORI, JBH, ILU, ANN, FBU, PRU, PDN, EVT, CSR, NUF, IFL, HLS, IRE, GNC, RRL, NWH, SWM, MSB"
284,0.20047091454801094,1.3757388126480392,"NAB, WBC, ANZ, WOW, STO, RMD, JHX, IAG, WHC, DXS, YAL, CAR, SVW, CWY, CGF, QUB, AMP, ILU, ANN, FBU, BKW, CNU, BWP, PDN, SUL, GNC, PPT, NWH, MSB, MYR"
285,0.17480654650460684,1.3729388496058514,"CSL, NAB, TCL, BXB, JHX, FPH, SOL, VCX, SEK, WOR, IPL, CAR, QUB, AGL, AWC, AMP, BPT, FBU, FLT, CNU, SGR, EVT, HLS, IRE, CMW, SFR, NWS, ABC, MMS, MYR"
286,0.16701430666843006,1.6564487410946414,"NAB, WBC, ANZ, FMG, RIO, IGO, APA, QAN, FPH, SOL, TWE, SGP, MGR, AZJ, ALQ, BEN, AMP, BPT, DOW, BWP, SGM, EVT, CQR, CSR, SUL, SKC, GNC, SIG, MSB, AGG"
287,0.1536051347186417,1.9897608060071885,"WBC, WES, FMG, WOW, SHL, MIN, RHC, AMC, FPH, SOL, SGP, IPL, YAL, CAR, ALD, CWY, NHC, BEN, AWC, SGR, PRU, GOZ, EVT, CQR, NUF, IFL, HLS, SIG, MSB, JHG"
288,0.15967734045925694,2.1437530892769296,"MQG, TLS, RIO, STO, ALL, SUN, FPH, VCX, DXS, SGP, OZL, MGR, BSL, YAL, AZJ, SVW, JBH, AWC, MTS, EVN, DOW, PDN, EVT, CQR, IVC, NWS, MMS, SIG, JHG, AGG"
289,0.18455194628423116,0.8955952793231083,"NAB, TLS, STO, BXB, SUN, ASX, IGO, APA, AMC, QAN, SGP, YAL, HVN, EVN, BPT, FBU, BKW, SGR, SGM, ABP, CQR, TAH, IRE, PPT, RRL, MMS, ERA, SWM, PRN, MYR"
290,0.19301495079933964,1.5763293057638843,"NCM, CPU, MIN, IAG, SOL, REH, DXS, MGR, BSL, WOR, AZJ, ALD, CWY, NHC, BEN, EVN, ILU, BKW, PDN, SGM, GOZ, EVT, CQR, SKC, RRL, NWH, NWS, PRN, JHG, AGG"
291,0.17287674215156432,2.0769630530340915,"MQG, WES, WOW, GMG, BXB, RMD, JHX, MIN, ASX, IGO, TWE, DXS, WOR, AZJ, ORI, NHC, HVN, BOQ, JBH, BKW, PDN, IFL, SKC, IRE, PPT, ERA, SIG, PRN, MYR, AGG"
292,0.16466011996693908,1.9989283252934804,"TLS, ALL, REA, ASX, IAG, APA, REH, ORG, DXS, BSL, LYC, CAR, HVN, CGF, AWC, MTS, PMV, EVN, BPT, ANN, GOZ, EVT, CSR, TAH, HLS, SKC, IRE, CMW, SIG, MSB"
293,0.173015221779968,1.9013021328984534,"CSL, ALL, JHX, RHC, ASX, AMC, REH, GPT, LYC, SEK, ALD, NHC, HVN, BEN, BOQ, CGF, AGL, MTS, FLT, DOW, BWP, GOZ, ABP, CQR, SUL, MND, NWH, SIG, MYR, AGG"
294,0.16676895327654936,2.090451427849977,"CSL, ANZ, FMG, TLS, TCL, GMG, MIN, SUN, COH, AMC, FPH, SOL, REH, ORG, WOR, SVW, LLC, ALQ, BOQ, MTS, EVN, BLD, BWP, TAH, SKC, IVC, PTM, SWM, PRN, JHG"
295,0.17031974466495287,1.5564485830311687,"NAB, WBC, ANZ, TCL, WOW, RMD, RHC, COH, ASX, APA, AMC, OZL, GPT, LYC, SEK, AZJ, LLC, BOQ, QUB, BPT, ANN, BKW, FLT, BLD, PDN, GOZ, ABP, CSR, IFL, CMW"
296,0.15425367164258227,1.3991383118942147,"CSL, NCM, BXB, SHL, IAG, AMC, QAN, VCX, DXS, MGR, IPL, YAL, CAR, AZJ, BEN, BOQ, JBH, CGF, AGL, MTS, FLT, CNU, BLD, SGR, SGM, GOZ, ABP, NUF, KAR, JHG"
297,0.16188312544179545,2.188373182324834,"CSL, NAB, TLS, TCL, RIO, STO, ALL, QBE, CPU, RMD, MIN, ASX, SPK, SGP, OZL, YAL, ALD, LLC, NHC, ALQ, AGL, ABP, EVT, CSR, NUF, PPT, KAR, NWS, MMS, MSB"
298,0.2034728120900181,1.4746233976927652,"STO, ALL, QBE, JHX, SUN, APA, REH, LYC, SVW, LLC, JBH, AWC, BPT, ANN, FBU, BLD, ZIM, PDN, SGM, EVT, CSR, TAH, CMW, GNC, PPT, KAR, RRL, PTM, ERA, MYR"
299,0.16884434820369665,1.4089980466981227,"CSL, WBC, TCL, MIN, RHC, COH, ASX, SOL, VCX, GPT, ALD, BEN, JBH, QUB, AGL, AWC, FBU, SGR, PDN, SGM, SUL, HLS, SKC, IRE, KAR, RRL, ERA, SWM, SIG, AGG"
